"Date","Price","Open","High","Low","Vol.","Change %"
"05/11/2023","79,100.0","79,500.0","84,500.0","78,900.0","415.90K","2.06%"
"05/10/2023","77,500.0","79,200.0","79,600.0","77,500.0","529.10K","-1.77%"
"05/09/2023","78,900.0","78,000.0","79,800.0","78,000.0","580.90K","0.51%"
"05/08/2023","78,500.0","78,500.0","78,900.0","78,400.0","362.90K","0.13%"
"05/05/2023","78,400.0","78,600.0","78,600.0","78,200.0","319.20K","-0.13%"
"05/04/2023","78,500.0","77,800.0","78,700.0","77,600.0","497.20K","1.29%"
"04/28/2023","77,500.0","78,800.0","78,800.0","77,500.0","945.60K","-1.02%"
"04/27/2023","78,300.0","78,100.0","78,800.0","78,100.0","221.00K","0.00%"
"04/26/2023","78,300.0","78,100.0","78,400.0","77,600.0","772.00K","-0.13%"
"04/25/2023","78,400.0","79,100.0","79,300.0","78,300.0","540.00K","-0.88%"
"04/24/2023","79,100.0","79,500.0","80,600.0","79,000.0","794.50K","-0.25%"
"04/21/2023","79,300.0","80,000.0","80,000.0","79,300.0","324.00K","-0.13%"
"04/20/2023","79,400.0","79,800.0","79,800.0","79,200.0","364.40K","0.13%"
"04/19/2023","79,300.0","79,800.0","79,800.0","79,300.0","419.80K","-0.13%"
"04/18/2023","79,400.0","79,600.0","80,000.0","79,200.0","301.60K","-0.25%"
"04/17/2023","79,600.0","79,600.0","79,700.0","79,000.0","449.90K","0.00%"
"04/14/2023","79,600.0","79,900.0","80,100.0","79,300.0","398.80K","0.00%"
"04/13/2023","79,600.0","80,300.0","80,400.0","79,300.0","540.50K","-0.87%"
"04/12/2023","80,300.0","80,300.0","80,500.0","79,900.0","574.70K","0.00%"
"04/11/2023","80,300.0","80,200.0","80,500.0","80,100.0","534.00K","0.00%"
"04/10/2023","80,300.0","81,000.0","81,000.0","80,100.0","769.80K","-0.25%"
"04/07/2023","80,500.0","80,200.0","80,700.0","80,000.0","359.80K","0.25%"
"04/06/2023","80,300.0","80,700.0","81,500.0","80,300.0","612.90K","-0.37%"
"04/05/2023","80,600.0","80,500.0","80,600.0","79,700.0","422.00K","0.12%"
"04/04/2023","80,500.0","80,900.0","81,000.0","80,000.0","584.60K","-0.49%"
"04/03/2023","80,900.0","79,400.0","80,900.0","79,100.0","1.17M","2.28%"
"03/31/2023","79,100.0","79,100.0","79,500.0","79,000.0","671.60K","0.00%"
"03/30/2023","79,100.0","79,000.0","79,300.0","78,800.0","408.40K","0.13%"
"03/29/2023","79,000.0","79,200.0","79,300.0","78,600.0","404.50K","-0.25%"
"03/28/2023","79,200.0","79,200.0","79,200.0","77,500.0","1.00M","0.13%"
"03/27/2023","79,100.0","78,900.0","79,200.0","78,500.0","767.20K","0.64%"
"03/24/2023","78,600.0","78,300.0","78,800.0","78,000.0","366.70K","0.77%"
"03/23/2023","78,000.0","78,400.0","78,500.0","77,600.0","356.60K","-0.64%"
"03/22/2023","78,500.0","78,200.0","78,600.0","77,600.0","610.40K","0.51%"
"03/21/2023","78,100.0","78,600.0","78,700.0","77,100.0","536.20K","0.64%"
"03/20/2023","77,600.0","79,100.0","79,300.0","77,600.0","769.80K","-1.77%"
"03/17/2023","79,000.0","79,600.0","80,000.0","78,600.0","429.40K","-0.25%"
"03/16/2023","79,200.0","80,000.0","80,000.0","78,400.0","850.00K","-1.61%"
"03/15/2023","80,500.0","79,100.0","80,500.0","79,100.0","691.80K","2.29%"
"03/14/2023","78,700.0","79,000.0","79,100.0","78,500.0","427.40K","-0.25%"
"03/13/2023","78,900.0","78,100.0","79,400.0","78,100.0","886.50K","-0.75%"
"03/10/2023","79,500.0","80,200.0","80,400.0","79,000.0","640.90K","-1.36%"
"03/09/2023","80,600.0","79,500.0","80,700.0","79,200.0","640.30K","1.38%"
"03/08/2023","79,500.0","78,500.0","79,500.0","78,500.0","510.60K","0.89%"
"03/07/2023","78,800.0","79,100.0","79,900.0","78,800.0","792.00K","0.77%"
"03/06/2023","78,200.0","78,100.0","79,800.0","78,100.0","817.20K","-0.38%"
"03/03/2023","78,500.0","79,300.0","80,000.0","78,500.0","740.80K","-1.88%"
"03/02/2023","80,000.0","80,000.0","80,500.0","79,800.0","430.80K","-0.62%"
"03/01/2023","80,500.0","79,500.0","80,500.0","78,700.0","1.38M","0.00%"
"02/28/2023","80,500.0","80,000.0","80,700.0","79,500.0","524.30K","0.25%"
"02/27/2023","80,300.0","80,000.0","80,500.0","79,900.0","1.02M","-0.62%"
"02/24/2023","80,800.0","81,100.0","81,300.0","80,400.0","559.20K","-0.74%"
"02/23/2023","81,400.0","81,700.0","81,700.0","80,600.0","1.16M","-0.49%"
"02/22/2023","81,800.0","82,300.0","82,500.0","81,800.0","747.20K","-1.21%"
"02/21/2023","82,800.0","82,800.0","83,700.0","82,600.0","840.00K","0.00%"
"02/20/2023","82,800.0","81,600.0","83,000.0","81,400.0","1.28M","1.47%"
"02/17/2023","81,600.0","81,200.0","81,600.0","81,000.0","467.60K","0.00%"
"02/16/2023","81,600.0","81,600.0","82,000.0","80,700.0","424.20K","0.00%"
"02/15/2023","81,600.0","80,500.0","81,900.0","80,300.0","645.20K","0.99%"
"02/14/2023","80,800.0","80,700.0","81,000.0","80,200.0","619.70K","0.12%"
"02/13/2023","80,700.0","80,700.0","81,200.0","80,000.0","613.20K","0.00%"
"02/10/2023","80,700.0","81,100.0","81,200.0","80,500.0","725.00K","0.00%"
"02/09/2023","80,700.0","81,000.0","81,600.0","80,700.0","743.00K","-0.62%"
"02/08/2023","81,200.0","80,800.0","81,700.0","80,600.0","669.70K","0.62%"
"02/07/2023","80,700.0","80,500.0","81,900.0","80,500.0","750.80K","0.25%"
"02/06/2023","80,500.0","80,000.0","81,600.0","79,700.0","944.40K","0.50%"
"02/03/2023","80,100.0","82,000.0","82,000.0","80,100.0","1.73M","-2.20%"
"02/02/2023","81,900.0","82,100.0","82,400.0","81,300.0","1.33M","-0.12%"
"02/01/2023","82,000.0","84,000.0","84,000.0","81,800.0","1.05M","-1.80%"
"01/31/2023","83,500.0","83,500.0","83,700.0","81,700.0","1.53M","-0.24%"
"01/30/2023","83,700.0","84,200.0","84,400.0","83,700.0","891.00K","-0.36%"
"01/27/2023","84,000.0","84,100.0","85,500.0","84,000.0","1.14M","0.12%"
"01/19/2023","83,900.0","83,000.0","84,200.0","82,900.0","1.33M","0.60%"
"01/18/2023","83,400.0","82,100.0","83,400.0","81,800.0","954.60K","1.71%"
"01/17/2023","82,000.0","81,200.0","82,000.0","81,000.0","978.20K","1.49%"
"01/16/2023","80,800.0","80,100.0","81,000.0","79,700.0","574.50K","1.00%"
"01/13/2023","80,000.0","80,500.0","81,200.0","80,000.0","628.30K","-0.87%"
"01/12/2023","80,700.0","81,000.0","81,500.0","80,200.0","542.50K","-0.25%"
"01/11/2023","80,900.0","80,400.0","81,600.0","80,400.0","1.08M","0.62%"
"01/10/2023","80,400.0","80,700.0","81,300.0","80,200.0","752.70K","0.12%"
"01/09/2023","80,300.0","80,500.0","80,900.0","79,900.0","518.90K","0.00%"
"01/06/2023","80,300.0","80,400.0","81,100.0","80,200.0","719.40K","-0.37%"
"01/05/2023","80,600.0","80,200.0","81,500.0","80,200.0","1.01M","0.75%"
"01/04/2023","80,000.0","80,800.0","81,000.0","79,300.0","794.30K","0.00%"
"01/03/2023","80,000.0","76,900.0","80,000.0","76,800.0","1.54M","4.03%"
"12/30/2022","76,900.0","76,200.0","76,900.0","76,000.0","628.60K","0.92%"
"12/29/2022","76,200.0","76,500.0","77,000.0","76,200.0","655.30K","-0.65%"
"12/28/2022","76,700.0","77,000.0","77,000.0","76,000.0","589.20K","0.26%"
"12/27/2022","76,500.0","76,400.0","77,500.0","76,000.0","805.20K","0.13%"
"12/26/2022","76,400.0","77,700.0","78,100.0","76,400.0","832.50K","-2.05%"
"12/23/2022","78,000.0","76,400.0","78,000.0","76,200.0","1.22M","1.04%"
"12/22/2022","77,200.0","77,200.0","77,500.0","76,000.0","657.80K","0.00%"
"12/21/2022","77,200.0","77,200.0","77,400.0","75,700.0","544.10K","0.78%"
"12/20/2022","76,600.0","77,200.0","77,200.0","75,400.0","785.80K","0.00%"
"12/19/2022","76,600.0","78,300.0","78,300.0","76,600.0","1.03M","-1.67%"
"12/16/2022","77,900.0","77,000.0","78,000.0","76,400.0","910.90K","0.26%"
"12/15/2022","77,700.0","76,400.0","78,100.0","76,400.0","1.17M","1.83%"
"12/14/2022","76,300.0","77,200.0","77,500.0","76,100.0","1.16M","-1.17%"
"12/13/2022","77,200.0","76,200.0","77,300.0","75,200.0","899.70K","0.26%"
"12/12/2022","77,000.0","77,600.0","78,200.0","76,400.0","1.21M","-1.28%"
"12/09/2022","78,000.0","76,300.0","78,000.0","76,200.0","987.50K","1.30%"
"12/08/2022","77,000.0","76,900.0","78,800.0","75,600.0","1.27M","0.65%"
"12/07/2022","76,500.0","75,900.0","76,600.0","74,800.0","1.03M","0.66%"
"12/06/2022","76,000.0","78,300.0","78,900.0","76,000.0","1.54M","-2.94%"
"12/05/2022","78,300.0","78,000.0","79,000.0","77,400.0","1.22M","1.16%"
"12/02/2022","77,400.0","74,700.0","77,700.0","74,000.0","2.90M","3.61%"
"12/01/2022","74,700.0","75,100.0","75,800.0","74,100.0","1.78M","0.13%"
"11/30/2022","74,600.0","74,500.0","74,900.0","73,500.0","911.50K","0.40%"
"11/29/2022","74,300.0","74,900.0","74,900.0","73,000.0","1.14M","0.00%"
"11/28/2022","74,300.0","72,400.0","74,500.0","72,300.0","1.15M","3.19%"
"11/25/2022","72,000.0","70,600.0","72,000.0","70,500.0","1.27M","2.13%"
"11/24/2022","70,500.0","69,800.0","71,000.0","69,400.0","788.40K","0.00%"
"11/23/2022","70,500.0","70,000.0","71,000.0","69,700.0","465.90K","0.00%"
"11/22/2022","70,500.0","70,000.0","72,000.0","69,100.0","1.18M","0.57%"
"11/21/2022","70,100.0","69,500.0","71,800.0","69,500.0","840.50K","-1.96%"
"11/18/2022","71,500.0","70,100.0","72,000.0","69,200.0","1.26M","0.70%"
"11/17/2022","71,000.0","69,300.0","72,000.0","64,500.0","1.55M","2.45%"
"11/16/2022","69,300.0","61,300.0","70,000.0","61,300.0","3.05M","5.16%"
"11/15/2022","65,900.0","70,000.0","70,000.0","65,900.0","3.11M","-6.92%"
"11/14/2022","70,800.0","72,000.0","72,400.0","70,000.0","1.64M","-2.75%"
"11/11/2022","72,800.0","73,100.0","73,600.0","72,000.0","1.00M","-0.27%"
"11/10/2022","73,000.0","73,500.0","73,700.0","69,100.0","1.60M","-1.35%"
"11/09/2022","74,000.0","73,300.0","74,300.0","73,300.0","697.70K","0.95%"
"11/08/2022","73,300.0","71,500.0","73,900.0","71,400.0","945.00K","0.96%"
"11/07/2022","72,600.0","72,600.0","74,000.0","72,600.0","1.57M","-0.41%"
"11/04/2022","72,900.0","74,000.0","74,000.0","71,500.0","1.65M","-1.62%"
"11/03/2022","74,100.0","74,500.0","75,700.0","73,700.0","622.40K","0.14%"
"11/02/2022","74,000.0","75,200.0","76,000.0","74,000.0","978.20K","-1.99%"
"11/01/2022","75,500.0","76,300.0","76,800.0","75,000.0","561.50K","-0.13%"
"10/31/2022","75,600.0","75,000.0","76,000.0","73,700.0","1.08M","0.80%"
"10/28/2022","75,000.0","76,300.0","76,300.0","74,700.0","875.80K","-1.06%"
"10/27/2022","75,800.0","74,100.0","76,200.0","73,700.0","935.90K","2.71%"
"10/26/2022","73,800.0","74,500.0","74,500.0","72,700.0","625.10K","0.82%"
"10/25/2022","73,200.0","71,400.0","74,500.0","71,100.0","1.56M","2.95%"
"10/24/2022","71,100.0","73,900.0","74,500.0","71,000.0","1.43M","-3.79%"
"10/21/2022","73,900.0","77,700.0","77,700.0","73,900.0","1.56M","-5.01%"
"10/20/2022","77,800.0","75,800.0","78,500.0","75,300.0","1.73M","3.05%"
"10/19/2022","75,500.0","74,900.0","76,200.0","74,700.0","1.02M","0.80%"
"10/18/2022","74,900.0","74,000.0","75,300.0","74,000.0","879.00K","1.49%"
"10/17/2022","73,800.0","73,500.0","73,900.0","72,600.0","707.40K","-0.27%"
"10/14/2022","74,000.0","74,400.0","74,500.0","73,600.0","844.20K","1.37%"
"10/13/2022","73,000.0","72,200.0","73,000.0","71,500.0","829.20K","0.83%"
"10/12/2022","72,400.0","71,000.0","73,300.0","71,000.0","1.46M","1.97%"
"10/11/2022","71,000.0","74,000.0","74,000.0","71,000.0","1.59M","-4.05%"
"10/10/2022","74,000.0","73,500.0","75,500.0","72,100.0","1.63M","0.00%"
"10/07/2022","74,000.0","76,200.0","76,200.0","74,000.0","2.06M","-3.27%"
"10/06/2022","76,500.0","78,900.0","78,900.0","76,500.0","1.27M","-2.42%"
"10/05/2022","78,400.0","79,000.0","79,500.0","78,400.0","971.90K","1.16%"
"10/04/2022","77,500.0","78,000.0","79,000.0","77,200.0","2.04M","0.65%"
"10/03/2022","77,000.0","79,600.0","80,300.0","76,400.0","1.25M","-4.35%"
"09/30/2022","80,500.0","77,000.0","80,800.0","76,900.0","2.11M","4.55%"
"09/29/2022","77,000.0","79,800.0","80,100.0","77,000.0","1.30M","-1.28%"
"09/28/2022","78,000.0","80,100.0","80,400.0","78,000.0","2.05M","-3.11%"
"09/27/2022","80,500.0","82,000.0","82,000.0","80,500.0","932.90K","-1.23%"
"09/26/2022","81,500.0","81,500.0","82,000.0","80,300.0","1.86M","-1.09%"
"09/23/2022","82,400.0","83,100.0","83,100.0","82,100.0","840.60K","-0.60%"
"09/22/2022","82,900.0","82,000.0","83,000.0","81,900.0","1.17M","0.73%"
"09/21/2022","82,300.0","83,300.0","83,300.0","82,300.0","775.40K","-1.32%"
"09/20/2022","83,400.0","83,100.0","83,800.0","82,300.0","575.00K","0.36%"
"09/19/2022","83,100.0","82,500.0","83,600.0","81,900.0","1.78M","0.73%"
"09/16/2022","82,500.0","83,700.0","83,900.0","82,500.0","1.36M","-1.43%"
"09/15/2022","83,700.0","84,500.0","84,500.0","83,700.0","780.50K","-0.36%"
"09/14/2022","84,000.0","83,500.0","84,500.0","83,500.0","1.31M","-0.71%"
"09/13/2022","84,600.0","85,000.0","85,300.0","84,300.0","1.05M","0.00%"
"09/12/2022","84,600.0","85,100.0","85,200.0","84,300.0","716.00K","0.36%"
"09/09/2022","84,300.0","84,600.0","85,000.0","84,300.0","1.15M","0.00%"
"09/08/2022","84,300.0","84,100.0","85,000.0","83,800.0","1.14M","0.36%"
"09/07/2022","84,000.0","85,500.0","85,900.0","84,000.0","2.24M","-2.10%"
"09/06/2022","85,800.0","86,000.0","86,400.0","85,800.0","1.17M","-0.46%"
"09/05/2022","86,200.0","86,500.0","86,700.0","85,900.0","1.02M","-0.46%"
"08/31/2022","86,600.0","85,800.0","87,000.0","85,800.0","1.17M","0.23%"
"08/30/2022","86,400.0","86,500.0","87,000.0","86,000.0","1.15M","-0.12%"
"08/29/2022","86,500.0","87,000.0","87,000.0","84,700.0","2.23M","-0.80%"
"08/26/2022","87,200.0","86,400.0","87,800.0","86,300.0","1.94M","1.04%"
"08/25/2022","86,300.0","86,200.0","86,700.0","86,000.0","1.14M","0.12%"
"08/24/2022","86,200.0","86,500.0","86,800.0","86,100.0","1.01M","0.23%"
"08/23/2022","86,000.0","85,110.0","86,000.0","85,110.0","1.09M","0.23%"
"08/22/2022","85,802.0","85,605.0","86,297.0","84,913.0","1.63M","-0.12%"
"08/19/2022","85,901.0","86,989.0","87,483.0","85,209.0","1.96M","-1.59%"
"08/18/2022","87,285.0","86,890.0","88,669.0","86,890.0","2.55M","0.00%"
"08/17/2022","87,285.0","87,977.0","88,076.0","86,989.0","1.51M","-0.45%"
"08/16/2022","87,680.0","87,878.0","88,372.0","87,087.0","1.38M","-0.23%"
"08/15/2022","87,878.0","85,605.0","88,076.0","85,605.0","3.09M","2.77%"
"08/12/2022","85,506.0","84,715.0","85,506.0","84,715.0","1.24M","0.58%"
"08/11/2022","85,012.0","85,209.0","85,802.0","84,715.0","1.85M","0.00%"
"08/10/2022","85,012.0","85,308.0","85,703.0","85,012.0","1.12M","-0.23%"
"08/09/2022","85,209.0","85,012.0","86,494.0","84,715.0","2.32M","0.23%"
"08/08/2022","85,012.0","84,913.0","85,407.0","84,320.0","1.59M","0.23%"
"08/05/2022","84,814.0","85,110.0","86,198.0","84,616.0","1.77M","-0.35%"
"08/04/2022","85,110.0","84,122.0","85,605.0","83,924.0","3.05M","1.53%"
"08/03/2022","83,825.0","84,023.0","84,221.0","83,232.0","2.25M","-0.24%"
"08/02/2022","84,023.0","83,035.0","84,122.0","82,540.0","1.88M","1.19%"
"08/01/2022","83,035.0","83,035.0","83,232.0","82,145.0","1.82M","0.60%"
"07/29/2022","82,540.0","84,122.0","84,221.0","82,540.0","1.94M","-1.65%"
"07/28/2022","83,924.0","84,221.0","84,814.0","82,145.0","1.66M","-0.35%"
"07/27/2022","84,221.0","83,628.0","84,221.0","83,430.0","771.10K","0.47%"
"07/26/2022","83,825.3","85,011.5","85,011.5","83,825.3","1.13M","-0.70%"
"07/25/2022","84,418.4","86,000.0","86,000.0","84,121.9","2.25M","0.35%"
"07/22/2022","84,121.9","85,406.9","85,505.8","84,121.9","1.31M","0.12%"
"07/21/2022","84,023.0","84,912.7","84,912.7","83,528.8","1.80M","0.12%"
"07/20/2022","83,924.2","84,023.0","84,912.7","83,034.5","2.85M","2.29%"
"07/19/2022","82,046.0","81,947.1","82,046.0","81,255.2","1.19M","0.00%"
"07/18/2022","82,046.0","81,848.3","83,528.8","81,354.0","1.26M","0.97%"
"07/15/2022","81,255.2","83,034.5","83,034.5","81,255.2","1.38M","-0.72%"
"07/14/2022","81,848.3","81,848.3","82,540.3","81,255.2","891.30K","0.36%"
"07/13/2022","81,551.7","83,034.5","83,034.5","81,551.7","1.14M","-1.20%"
"07/12/2022","82,540.3","81,848.3","82,540.3","81,749.4","602.80K","0.85%"
"07/11/2022","81,848.3","83,627.6","83,627.6","81,848.3","998.10K","-0.96%"
"07/08/2022","82,639.1","82,935.7","83,034.5","82,144.8","910.40K","0.60%"
"07/07/2022","82,144.8","82,935.7","83,627.6","82,144.8","1.29M","-0.48%"
"07/06/2022","82,540.3","83,133.4","84,912.7","82,540.3","2.23M","-2.22%"
"07/05/2022","84,418.4","86,790.8","86,790.8","84,418.4","1.40M","-1.50%"
"07/04/2022","85,703.5","87,482.8","87,482.8","85,011.5","1.01M","-1.48%"
"07/01/2022","86,988.5","86,000.0","87,779.3","83,825.3","1.70M","2.09%"
"06/30/2022","85,209.2","88,471.3","88,866.7","85,209.2","1.51M","-4.22%"
"06/29/2022","88,965.5","87,878.2","88,965.5","87,186.2","1.18M","0.33%"
"06/28/2022","88,669.0","88,471.3","89,163.2","86,197.7","2.30M","3.70%"
"06/27/2022","85,505.8","85,406.9","86,889.7","84,912.7","1.25M","1.17%"
"06/24/2022","84,517.3","85,110.4","86,790.8","84,517.3","902.40K","0.00%"
"06/23/2022","84,517.3","83,034.5","85,802.3","82,738.0","2.02M","1.18%"
"06/22/2022","83,528.8","88,767.8","89,360.9","83,429.9","2.97M","-5.16%"
"06/21/2022","88,075.9","91,338.0","92,425.3","87,977.0","2.46M","-3.15%"
"06/20/2022","90,942.6","92,425.3","93,413.8","90,250.6","2.48M","0.00%"
"06/17/2022","90,942.6","89,262.1","91,535.7","87,977.0","2.32M","0.00%"
"06/16/2022","90,942.6","89,954.0","92,721.9","89,163.2","2.52M","1.66%"
"06/15/2022","89,459.8","89,558.6","89,558.6","86,988.5","1.76M","1.57%"
"06/14/2022","88,075.9","85,011.5","88,866.7","84,517.3","2.31M","3.36%"
"06/13/2022","85,209.2","86,988.5","89,756.3","85,011.5","3.39M","-5.96%"
"06/10/2022","90,613.0","93,413.8","94,484.7","90,613.0","3.57M","-4.60%"
"06/09/2022","94,978.9","95,143.7","95,473.2","93,331.4","2.05M","0.26%"
"06/08/2022","94,731.8","95,802.7","96,873.5","94,319.9","3.19M","-0.52%"
"06/07/2022","95,226.0","92,837.2","95,226.0","89,459.8","4.69M","2.30%"
"06/06/2022","93,084.3","93,908.0","95,555.5","92,260.5","3.07M","-0.88%"
"06/03/2022","93,908.0","91,848.6","93,908.0","91,354.4","2.11M","2.24%"
"06/02/2022","91,848.6","92,919.5","94,567.0","91,519.1","2.75M","-0.27%"
"06/01/2022","92,095.8","90,530.6","93,001.9","90,448.3","2.44M","1.73%"
"05/31/2022","90,530.6","91,683.9","91,683.9","88,553.6","2.59M","-1.26%"
"05/30/2022","91,683.9","91,519.1","92,590.0","89,954.0","3.00M","-0.45%"
"05/27/2022","92,095.8","86,988.5","92,260.5","86,906.1","4.65M","5.87%"
"05/26/2022","86,988.5","86,659.0","88,224.1","86,164.7","1.71M","0.57%"
"05/25/2022","86,494.2","81,963.6","86,494.2","81,304.6","4.52M","6.92%"
"05/24/2022","80,892.7","79,492.3","80,892.7","79,080.4","1.66M","1.76%"
"05/23/2022","79,492.3","80,892.7","80,892.7","79,162.8","1.36M","-1.03%"
"05/20/2022","80,316.1","80,480.8","81,469.3","79,904.2","1.69M","0.52%"
"05/19/2022","79,904.2","78,339.1","80,480.8","78,339.1","1.47M","-0.72%"
"05/18/2022","80,480.8","82,128.3","82,457.8","80,316.1","2.32M","-2.01%"
"05/17/2022","82,128.3","76,609.2","82,128.3","76,197.3","2.45M","6.97%"
"05/16/2022","76,773.9","80,316.1","80,316.1","76,773.9","2.09M","-0.43%"
"05/13/2022","77,103.4","79,162.8","81,551.7","76,691.6","4.92M","-2.09%"
"05/12/2022","78,750.9","81,798.8","83,940.6","78,256.7","3.11M","-6.18%"
"05/11/2022","83,940.6","80,728.0","83,940.6","79,739.5","2.00M","3.56%"
"05/10/2022","81,057.5","77,432.9","81,387.0","75,785.4","3.38M","4.68%"
"05/09/2022","77,432.9","80,975.1","81,551.7","77,432.9","5.40M","-6.19%"
"05/06/2022","82,540.2","84,270.1","85,670.5","82,540.2","2.92M","-4.30%"
"05/05/2022","86,247.1","86,164.7","86,906.1","83,940.6","2.63M","0.19%"
"05/04/2022","86,082.4","86,411.9","87,235.6","85,752.9","1.92M","-0.48%"
"04/29/2022","86,494.2","86,494.2","88,224.1","85,835.2","4.79M","-0.47%"
"04/28/2022","86,906.1","84,764.4","87,977.0","84,434.9","3.04M","2.43%"
"04/27/2022","84,846.7","84,434.9","85,670.5","82,787.3","3.04M","-1.25%"
"04/26/2022","85,917.6","82,540.2","86,494.2","79,904.2","6.52M","0.87%"
"04/25/2022","85,176.2","90,695.4","91,354.4","85,176.2","5.53M","-6.93%"
"04/22/2022","91,519.1","92,672.4","93,825.7","87,318.0","6.85M","-0.80%"
"04/21/2022","92,260.5","91,601.5","95,473.2","91,601.5","4.88M","0.00%"
"04/20/2022","92,260.5","92,260.5","93,084.3","90,283.5","3.95M","0.00%"
"04/19/2022","92,260.5","95,967.4","96,379.3","92,260.5","5.68M","-3.03%"
"04/18/2022","95,143.7","94,731.8","97,697.3","93,908.0","4.03M","0.43%"
"04/15/2022","94,731.8","94,814.2","97,120.7","93,908.0","3.75M","-1.37%"
"04/14/2022","96,049.8","94,896.5","97,944.4","94,896.5","4.24M","1.30%"
"04/13/2022","94,814.2","90,613.0","94,814.2","90,448.3","3.99M","4.83%"
"04/12/2022","90,448.3","89,789.3","91,848.6","87,812.2","3.79M","1.20%"
"04/08/2022","89,377.4","93,331.4","93,825.7","89,377.4","4.88M","-4.24%"
"04/07/2022","93,331.4","93,660.9","96,296.9","92,342.9","4.70M","0.27%"
"04/06/2022","93,084.3","89,295.0","93,908.0","89,295.0","5.01M","3.67%"
"04/05/2022","89,789.3","89,871.6","91,931.0","89,789.3","2.24M","-0.27%"
"04/04/2022","90,036.4","93,496.2","93,496.2","90,036.4","3.23M","-1.53%"
"04/01/2022","91,436.8","88,059.4","91,436.8","87,400.4","5.18M","3.74%"
"03/31/2022","88,141.7","86,906.1","91,107.3","86,164.7","4.17M","0.94%"
"03/30/2022","87,318.0","87,153.2","88,388.9","86,082.4","3.40M","1.05%"
"03/29/2022","86,411.9","81,222.2","86,411.9","81,222.2","9.87M","6.93%"
"03/28/2022","80,810.3","78,668.6","81,304.6","78,421.4","4.20M","2.51%"
"03/25/2022","78,833.3","79,162.8","79,492.3","78,750.9","1.47M","-0.31%"
"03/24/2022","79,080.4","79,080.4","80,069.0","78,503.8","2.19M","-0.52%"
"03/23/2022","79,492.3","79,492.3","80,316.1","79,080.4","2.37M","0.10%"
"03/22/2022","79,410.0","79,080.4","79,904.2","78,586.2","2.50M","1.15%"
"03/21/2022","78,503.8","78,421.4","79,080.4","78,256.7","1.87M","0.21%"
"03/18/2022","78,339.1","76,609.2","79,574.7","76,609.2","3.38M","3.37%"
"03/17/2022","75,785.4","75,620.7","76,362.1","75,373.6","1.42M","0.44%"
"03/16/2022","75,455.9","75,044.1","76,032.6","74,549.8","1.37M","0.66%"
"03/15/2022","74,961.7","75,620.7","75,620.7","73,973.2","2.25M","-0.87%"
"03/14/2022","75,620.7","76,609.2","76,609.2","74,549.8","2.33M","-1.50%"
"03/11/2022","76,773.9","77,844.8","77,927.2","76,362.1","1.37M","-1.48%"
"03/10/2022","77,927.2","79,327.6","79,327.6","77,927.2","934.44K","-0.94%"
"03/09/2022","78,668.6","77,927.2","79,492.3","77,927.2","2.64M","0.74%"
"03/08/2022","78,091.9","77,268.2","78,586.2","76,279.7","2.67M","1.07%"
"03/07/2022","77,268.2","76,691.6","77,350.6","75,950.2","2.04M","0.32%"
"03/04/2022","77,021.1","76,856.3","77,268.2","76,609.2","1.61M","0.11%"
"03/03/2022","76,938.7","76,773.9","77,432.9","76,773.9","1.15M","0.32%"
"03/02/2022","76,691.6","76,609.2","76,938.7","76,362.1","1.31M","-0.32%"
"03/01/2022","76,938.7","77,432.9","77,432.9","76,197.3","1.32M","0.11%"
"02/28/2022","76,856.3","76,032.6","77,021.1","76,032.6","1.81M","1.08%"
"02/25/2022","76,032.6","76,114.9","76,938.7","75,867.8","1.27M","0.33%"
"02/24/2022","75,785.4","76,609.2","77,021.1","74,137.9","1.62M","-1.08%"
"02/23/2022","76,609.2","76,279.7","77,350.6","76,279.7","1.17M","0.11%"
"02/22/2022","76,526.8","76,609.2","76,856.3","75,785.4","1.39M","-0.64%"
"02/21/2022","77,021.1","75,950.2","77,432.9","75,785.4","1.66M","1.41%"
"02/18/2022","75,950.2","76,032.6","76,197.3","75,538.3","742.56K","-0.65%"
"02/17/2022","76,444.4","75,703.1","76,444.4","74,961.7","1.02M","1.64%"
"02/16/2022","75,208.8","75,538.3","76,197.3","75,208.8","737.04K","0.22%"
"02/15/2022","75,044.1","74,961.7","75,538.3","74,549.8","786.48K","0.11%"
"02/14/2022","74,961.7","74,961.7","75,455.9","74,467.4","928.92K","-0.65%"
"02/11/2022","75,455.9","75,620.7","76,114.9","75,291.2","769.92K","-0.43%"
"02/10/2022","75,785.4","75,291.2","75,785.4","74,302.7","1.17M","1.43%"
"02/09/2022","74,714.5","75,538.3","75,538.3","74,632.2","1.37M","0.11%"
"02/08/2022","74,632.2","73,726.0","75,620.7","73,726.0","1.01M","1.23%"
"02/07/2022","73,726.0","74,137.9","74,220.3","73,314.2","622.08K","0.00%"
"01/28/2022","73,726.0","70,842.9","73,726.0","70,760.5","1.86M","4.19%"
"01/27/2022","70,760.5","70,842.9","71,419.5","70,348.6","863.52K","-0.12%"
"01/26/2022","70,842.9","71,666.7","71,666.7","70,431.0","1.10M","-0.58%"
"01/25/2022","71,254.8","70,183.9","72,078.5","69,195.4","1.43M","1.41%"
"01/24/2022","70,266.3","72,655.2","72,902.3","70,019.1","2.43M","-3.29%"
"01/21/2022","72,655.2","73,314.2","73,973.2","72,655.2","1.01M","-0.68%"
"01/20/2022","73,149.4","72,819.9","74,961.7","72,737.5","1.60M","0.57%"
"01/19/2022","72,737.5","72,572.8","73,478.9","72,490.4","893.88K","0.23%"
"01/18/2022","72,572.8","72,737.5","73,808.4","72,490.4","1.45M","-1.01%"
"01/17/2022","73,314.2","74,549.8","75,208.8","73,314.2","1.88M","-2.52%"
"01/14/2022","75,208.8","75,538.3","75,867.8","74,879.3","824.04K","-0.87%"
"01/13/2022","75,867.8","74,879.3","76,362.1","73,973.2","2.17M","2.79%"
"01/12/2022","73,808.4","73,396.5","74,632.2","72,902.3","2.09M","0.11%"
"01/11/2022","73,726.0","75,785.4","75,950.2","73,396.5","3.01M","-2.72%"
"01/10/2022","75,785.4","76,773.9","77,021.1","75,703.1","2.26M","-1.50%"
"01/07/2022","76,938.7","76,691.6","77,185.8","76,691.6","1.22M","-0.11%"
"01/06/2022","77,021.1","77,103.4","77,432.9","77,021.1","1.43M","-0.11%"
"01/05/2022","77,103.4","77,185.8","77,597.7","77,021.1","1.43M","0.11%"
"01/04/2022","77,021.1","76,938.7","77,597.7","76,856.3","2.32M","0.54%"
"12/31/2021","76,609.2","77,268.2","77,762.4","76,609.2","1.93M","-0.64%"
"12/30/2021","77,103.4","77,185.8","77,680.1","77,021.1","972.96K","0.00%"
"12/29/2021","77,103.4","78,091.9","78,091.9","77,103.4","1.09M","-0.95%"
"12/28/2021","77,844.8","77,844.8","78,174.3","77,515.3","680.76K","0.00%"
"12/27/2021","77,844.8","77,597.7","78,256.7","76,856.3","952.44K","0.75%"
"12/24/2021","77,268.2","77,021.1","77,844.8","76,444.4","1.42M","0.64%"
"12/23/2021","76,773.9","78,256.7","78,256.7","76,609.2","2.32M","-1.89%"
"12/22/2021","78,256.7","78,256.7","78,586.2","77,927.2","2.00M","-0.21%"
"12/21/2021","78,421.4","78,833.3","78,998.1","78,339.1","1.33M","-0.63%"
"12/20/2021","78,915.7","79,492.3","79,492.3","78,668.6","1.22M","-0.62%"
"12/17/2021","79,410.0","78,750.9","79,904.2","78,668.6","1.38M","0.94%"
"12/16/2021","78,668.6","80,316.1","80,316.1","78,668.6","1.49M","-0.42%"
"12/15/2021","78,998.1","78,833.3","79,327.6","78,750.9","970.08K","0.21%"
"12/14/2021","78,833.3","79,080.4","79,410.0","78,586.2","1.37M","-0.31%"
"12/13/2021","79,080.4","79,492.3","79,492.3","78,750.9","1.08M","0.21%"
"12/10/2021","78,915.7","79,410.0","79,904.2","78,586.2","1.39M","-1.24%"
"12/09/2021","79,904.2","78,339.1","79,904.2","78,339.1","1.19M","1.46%"
"12/08/2021","78,750.9","79,492.3","79,492.3","78,256.7","1.28M","-0.42%"
"12/07/2021","79,080.4","78,256.7","79,080.4","77,844.8","1.74M","1.59%"
"12/06/2021","77,844.8","78,668.6","79,492.3","77,597.7","2.87M","-1.05%"
"12/03/2021","78,668.6","80,563.2","80,563.2","78,668.6","2.41M","-1.75%"
"12/02/2021","80,069.0","80,398.5","80,975.1","80,069.0","1.14M","-1.02%"
"12/01/2021","80,892.7","80,316.1","81,222.2","79,657.1","1.51M","1.13%"
"11/30/2021","79,986.6","80,810.3","81,139.8","79,904.2","3.08M","-1.02%"
"11/29/2021","80,810.3","80,316.1","81,469.3","80,316.1","2.39M","-0.81%"
"11/26/2021","81,469.3","82,457.8","83,034.5","81,387.0","2.40M","-1.10%"
"11/25/2021","82,375.5","81,139.8","83,858.2","80,975.1","6.58M","2.15%"
"11/24/2021","80,645.6","79,657.1","81,057.5","79,410.0","2.93M","1.35%"
"11/23/2021","79,574.7","78,256.7","79,574.7","78,174.3","1.38M","1.68%"
"11/22/2021","78,256.7","78,668.6","79,080.4","78,256.7","2.00M","-0.31%"
"11/19/2021","78,503.8","80,316.1","80,563.2","78,339.1","2.98M","-1.24%"
"11/18/2021","79,492.3","80,975.1","81,304.6","79,492.3","2.41M","-1.83%"
"11/17/2021","80,975.1","80,975.1","81,057.5","80,728.0","1.42M","0.00%"
"11/16/2021","80,975.1","80,151.3","81,963.6","79,739.5","4.21M","1.03%"
"11/15/2021","80,151.3","81,139.8","81,139.8","80,151.3","2.29M","-0.71%"
"11/12/2021","80,728.0","79,245.2","80,892.7","78,998.1","2.69M","2.08%"
"11/11/2021","79,080.4","79,904.2","80,728.0","78,915.7","2.55M","-1.03%"
"11/10/2021","79,904.2","79,410.0","79,904.2","78,998.1","1.91M","0.62%"
"11/09/2021","79,410.0","80,316.1","80,398.5","79,080.4","2.22M","-1.03%"
"11/08/2021","80,233.7","80,398.5","81,139.8","80,151.3","2.03M","-0.20%"
"11/05/2021","80,398.5","79,245.2","80,563.2","79,080.4","2.60M","1.67%"
"11/04/2021","79,080.4","79,162.8","79,739.5","78,833.3","2.11M","-0.10%"
"11/03/2021","79,162.8","79,245.2","79,657.1","78,421.4","3.22M","0.00%"
"11/02/2021","79,162.8","78,668.6","79,904.2","78,668.6","2.53M","0.31%"
"11/01/2021","78,915.7","80,233.7","80,233.7","78,750.9","3.43M","-1.14%"
"10/29/2021","79,821.8","80,728.0","80,728.0","79,821.8","2.86M","-1.12%"
"10/28/2021","80,728.0","80,892.7","81,057.5","80,069.0","1.97M","-0.20%"
"10/27/2021","80,892.7","79,739.5","80,892.7","79,492.3","2.79M","1.34%"
"10/26/2021","79,821.8","78,256.7","79,821.8","77,680.1","2.23M","2.11%"
"10/25/2021","78,174.3","79,245.2","79,245.2","78,174.3","3.53M","-1.35%"
"10/22/2021","79,245.2","79,904.2","80,233.7","79,162.8","2.43M","-0.52%"
"10/21/2021","79,657.1","81,057.5","81,139.8","79,657.1","2.74M","-0.92%"
"10/20/2021","80,398.5","81,304.6","81,963.6","79,574.7","2.70M","-1.01%"
"10/19/2021","81,222.2","81,551.7","81,963.6","81,222.2","1.84M","-0.40%"
"10/18/2021","81,551.7","81,551.7","82,375.5","81,222.2","2.72M","0.10%"
"10/15/2021","81,469.3","81,881.2","82,457.8","81,057.5","2.04M","0.10%"
"10/14/2021","81,387.0","81,881.2","82,375.5","81,057.5","2.19M","-0.60%"
"10/13/2021","81,881.2","81,551.7","83,611.1","81,139.8","3.88M","0.40%"
"10/12/2021","81,551.7","81,716.5","81,716.5","81,139.8","1.35M","-0.20%"
"10/11/2021","81,716.5","81,551.7","81,798.8","80,975.1","2.75M","0.30%"
"10/08/2021","81,469.3","78,256.7","81,963.6","77,762.4","9.97M","4.88%"
"10/07/2021","77,680.1","78,174.3","78,256.7","77,515.3","1.80M","-0.11%"
"10/06/2021","77,762.4","77,844.8","78,009.6","77,185.8","1.89M","0.00%"
"10/05/2021","77,762.4","78,256.7","79,080.4","77,762.4","1.67M","-0.21%"
"10/04/2021","77,927.2","76,609.2","78,421.4","76,114.9","2.73M","1.83%"
"10/01/2021","76,526.8","76,526.8","76,691.6","76,197.3","1.27M","-0.11%"
"09/30/2021","76,609.2","77,021.1","77,350.6","76,609.2","1.20M","-0.21%"
"09/29/2021","76,773.9","76,609.2","76,938.7","76,032.6","1.41M","0.21%"
"09/28/2021","76,609.2","75,538.3","76,609.2","75,373.6","1.67M","0.98%"
"09/27/2021","75,867.8","76,526.8","77,021.1","75,867.8","1.86M","-0.65%"
"09/24/2021","76,362.1","76,773.9","76,773.9","76,362.1","1.74M","-0.43%"
"09/23/2021","76,691.6","76,773.9","77,268.2","76,609.2","1.67M","-0.11%"
"09/22/2021","76,773.9","76,773.9","76,938.7","76,362.1","2.43M","-0.32%"
"09/21/2021","77,021.1","76,938.7","77,432.9","76,197.3","3.24M","-0.95%"
"09/20/2021","77,762.4","79,080.4","79,245.2","77,515.3","3.03M","-1.36%"
"09/17/2021","78,833.3","78,668.6","79,904.2","78,586.2","3.99M","1.06%"
"09/16/2021","78,009.6","77,762.4","78,256.7","77,597.7","2.31M","0.64%"
"09/15/2021","77,515.3","77,268.2","77,762.4","76,856.3","2.03M","0.32%"
"09/14/2021","77,268.2","76,856.3","78,009.6","76,609.2","3.03M","0.86%"
"09/13/2021","76,609.2","77,103.4","77,432.9","76,526.8","1.92M","-0.53%"
"09/10/2021","77,021.1","76,938.7","77,762.4","76,938.7","1.73M","0.32%"
"09/09/2021","76,773.9","76,691.6","77,350.6","76,444.4","1.67M","0.11%"
"09/08/2021","76,691.6","77,021.1","77,597.7","76,444.4","1.74M","-0.43%"
"09/07/2021","77,021.1","78,503.8","78,503.8","77,021.1","2.75M","-1.48%"
"09/06/2021","78,174.3","76,114.9","78,174.3","76,032.6","3.75M","2.71%"
"09/01/2021","76,114.9","75,867.8","76,609.2","75,867.8","1.62M","0.00%"
"08/31/2021","76,114.9","76,032.6","76,773.9","75,785.4","2.34M","0.22%"
"08/30/2021","75,950.2","76,609.2","76,609.2","75,867.8","1.79M","0.22%"
"08/27/2021","75,785.4","74,961.7","75,785.4","74,632.2","2.28M","0.66%"
"08/26/2021","75,291.2","75,785.4","76,526.8","75,126.4","2.11M","-0.54%"
"08/25/2021","75,703.1","76,114.9","76,114.9","74,961.7","1.61M","0.00%"
"08/24/2021","75,703.1","75,373.6","75,785.4","74,055.5","3.70M","0.99%"
"08/23/2021","74,961.7","76,197.3","76,197.3","74,961.7","4.12M","-1.94%"
"08/20/2021","76,444.4","77,844.8","78,009.6","75,044.1","5.22M","-1.80%"
"08/19/2021","77,844.8","78,256.7","78,256.7","77,268.2","3.27M","0.53%"
"08/18/2021","77,432.9","77,268.2","78,174.3","77,268.2","2.34M","0.21%"
"08/17/2021","77,268.2","77,515.3","77,927.2","77,021.1","3.36M","-0.85%"
"08/16/2021","77,927.2","78,256.7","78,421.4","77,762.4","2.29M","0.64%"
"08/13/2021","77,433.0","75,884.3","77,433.0","75,802.8","4.34M","1.28%"
"08/12/2021","76,454.9","78,085.0","78,248.0","76,128.8","10.08M","-2.39%"
"08/11/2021","78,329.6","79,633.7","79,715.2","78,329.6","5.86M","-1.74%"
"08/10/2021","79,715.2","80,122.7","80,204.2","79,552.2","3.22M","0.31%"
"08/09/2021","79,470.7","79,063.1","79,633.7","78,166.5","3.52M","0.93%"
"08/06/2021","78,737.1","78,900.1","79,226.1","78,085.0","4.10M","0.00%"
"08/05/2021","78,737.1","77,596.0","79,063.1","77,351.5","2.98M","1.05%"
"08/04/2021","77,922.0","78,166.5","78,411.1","77,351.5","3.38M","-0.21%"
"08/03/2021","78,085.0","78,085.0","78,248.0","77,188.4","4.33M","0.21%"
"08/02/2021","77,922.0","76,617.9","78,737.1","76,617.9","5.13M","1.70%"
"07/30/2021","76,617.9","76,210.3","77,269.9","75,639.8","5.43M","0.64%"
"07/29/2021","76,128.8","74,987.7","76,536.4","74,743.2","4.46M","1.52%"
"07/28/2021","74,987.7","75,639.8","76,373.4","74,743.2","4.02M","-1.29%"
"07/27/2021","75,965.8","76,943.9","77,351.5","75,395.3","6.01M","-0.53%"
"07/26/2021","76,373.4","73,602.1","76,536.4","73,520.6","6.93M","3.54%"
"07/23/2021","73,765.1","72,868.5","75,721.3","72,297.9","8.11M","1.23%"
"07/22/2021","72,868.5","70,260.2","73,031.5","70,260.2","5.33M","3.23%"
"07/21/2021","70,586.3","70,749.3","71,645.9","70,178.7","4.04M","-0.23%"
"07/20/2021","70,749.3","69,119.1","70,749.3","68,385.5","3.06M","2.48%"
"07/19/2021","69,037.6","69,445.1","70,423.2","68,874.6","3.95M","-2.42%"
"07/16/2021","70,749.3","70,015.7","71,727.4","69,689.7","2.74M","1.64%"
"07/15/2021","69,608.2","69,037.6","70,586.3","69,037.6","3.26M","0.23%"
"07/14/2021","69,445.1","71,401.3","71,401.3","69,037.6","2.92M","-2.07%"
"07/13/2021","70,912.3","70,830.8","71,156.8","69,282.1","2.65M","1.05%"
"07/12/2021","70,178.7","72,379.4","73,113.0","68,141.0","8.12M","-4.01%"
"07/09/2021","73,113.0","73,031.5","74,987.7","72,379.4","3.54M","-0.11%"
"07/08/2021","73,194.5","73,683.6","73,765.1","72,542.5","2.85M","-0.77%"
"07/07/2021","73,765.1","70,912.3","74,172.6","69,282.1","5.89M","4.02%"
"07/06/2021","70,912.3","75,395.3","75,802.8","70,912.3","3.17M","-6.15%"
"07/05/2021","75,558.3","77,433.0","77,433.0","74,172.6","3.52M","0.87%"
"07/02/2021","74,906.2","72,787.0","75,395.3","72,461.0","4.65M","3.37%"
"07/01/2021","72,461.0","71,808.9","72,461.0","71,727.4","2.04M","1.02%"
"06/30/2021","71,727.4","72,542.5","72,624.0","71,727.4","1.98M","-0.68%"
"06/29/2021","72,216.4","70,586.3","72,542.5","70,341.7","5.88M","3.38%"
"06/28/2021","69,852.7","70,178.7","70,178.7","69,608.2","2.23M","0.59%"
"06/25/2021","69,445.1","69,037.6","69,608.2","68,630.1","1.80M","0.59%"
"06/24/2021","69,037.6","68,711.6","69,200.6","68,385.5","1.99M","-0.24%"
"06/23/2021","69,200.6","69,526.7","69,771.2","68,548.6","1.92M","-0.59%"
"06/22/2021","69,608.2","70,178.7","70,586.3","69,608.2","2.11M","-0.23%"
"06/21/2021","69,771.2","68,141.0","70,341.7","67,815.0","4.65M","2.15%"
"06/18/2021","68,304.0","67,733.5","68,630.1","67,407.4","2.02M","1.45%"
"06/17/2021","67,325.9","66,918.4","67,733.5","66,918.4","2.68M","-0.60%"
"06/16/2021","67,733.5","67,815.0","68,956.1","67,407.4","2.95M","-0.12%"
"06/15/2021","67,815.0","68,304.0","68,874.6","67,815.0","2.13M","-0.72%"
"06/14/2021","68,304.0","68,059.5","68,956.1","67,652.0","3.06M","0.36%"
"06/11/2021","68,059.5","66,429.3","68,385.5","66,266.3","2.83M","1.95%"
"06/10/2021","66,755.4","66,592.3","67,244.4","66,021.8","2.66M","0.24%"
"06/09/2021","66,592.3","65,695.8","66,918.4","64,391.6","4.29M","1.11%"
"06/08/2021","65,858.8","66,836.9","67,652.0","65,695.8","4.18M","-2.30%"
"06/07/2021","67,407.4","68,956.1","69,037.6","66,021.8","4.45M","-2.36%"
"06/04/2021","69,037.6","69,282.1","69,363.6","68,304.0","4.58M","-0.59%"
"06/03/2021","69,445.1","69,282.1","69,608.2","68,711.6","3.83M","-0.35%"
"06/02/2021","69,689.7","70,993.8","71,319.8","69,282.1","3.66M","-1.84%"
"06/01/2021","70,993.8","71,645.9","72,134.9","70,912.3","4.19M","3.23%"
"05/31/2021","68,772.1","67,086.2","68,842.4","66,524.2","4.47M","3.27%"
"05/28/2021","66,594.4","66,032.5","66,734.9","65,821.7","2.59M","1.07%"
"05/27/2021","65,892.0","66,945.7","67,015.9","65,681.2","2.41M","-1.57%"
"05/26/2021","66,945.7","66,173.0","67,086.2","65,821.7","2.75M","1.60%"
"05/25/2021","65,892.0","65,681.2","66,875.4","65,189.5","2.98M","0.32%"
"05/24/2021","65,681.2","65,892.0","65,962.2","64,697.8","3.68M","-0.32%"
"05/21/2021","65,892.0","66,243.2","67,858.9","65,330.0","4.45M","-1.78%"
"05/20/2021","67,086.2","63,784.6","67,086.2","63,503.6","4.86M","5.18%"
"05/19/2021","63,784.6","61,466.4","63,995.3","60,974.7","3.97M","4.37%"
"05/18/2021","61,115.2","60,693.7","61,396.1","60,553.2","2.94M","1.52%"
"05/17/2021","60,201.9","60,272.2","60,834.2","59,850.7","2.41M","1.06%"
"05/14/2021","59,569.7","59,218.5","60,553.2","59,078.0","2.57M","0.95%"
"05/13/2021","59,007.7","59,710.2","59,991.2","59,007.7","3.53M","-1.64%"
"05/12/2021","59,991.2","59,710.2","59,991.2","59,218.5","2.55M","0.23%"
"05/11/2021","59,850.7","60,412.7","60,834.2","59,850.7","2.87M","-0.70%"
"05/10/2021","60,272.2","58,375.5","60,412.7","58,305.3","6.22M","3.37%"
"05/07/2021","58,305.3","58,094.5","59,007.7","57,813.5","3.73M","0.36%"
"05/06/2021","58,094.5","58,305.3","58,656.5","57,743.3","2.72M","-0.24%"
"05/05/2021","58,235.0","59,359.0","59,359.0","58,094.5","3.20M","0.00%"
"05/04/2021","58,235.0","56,197.8","58,656.5","56,197.8","3.26M","2.47%"
"04/29/2021","56,830.1","56,759.8","57,462.3","56,759.8","2.89M","0.12%"
"04/28/2021","56,759.8","56,268.1","57,111.1","56,268.1","1.89M","0.12%"
"04/27/2021","56,689.6","56,478.8","57,181.3","56,268.1","1.78M","-0.37%"
"04/26/2021","56,900.3","57,954.0","58,164.8","56,549.1","3.52M","-2.41%"
"04/23/2021","58,305.3","56,197.8","58,305.3","55,987.1","4.37M","3.75%"
"04/22/2021","56,197.8","57,602.8","58,937.5","56,197.8","3.13M","-3.50%"
"04/20/2021","58,235.0","57,462.3","59,640.0","57,321.8","6.55M","1.72%"
"04/19/2021","57,251.6","56,197.8","57,251.6","55,846.6","3.29M","2.26%"
"04/16/2021","55,987.1","56,057.4","57,040.8","55,354.9","3.03M","-0.37%"
"04/15/2021","56,197.8","56,900.3","57,181.3","56,057.4","2.89M","-1.23%"
"04/14/2021","56,900.3","56,197.8","56,900.3","55,846.6","3.49M","0.37%"
"04/13/2021","56,689.6","57,602.8","57,743.3","56,549.1","2.81M","-1.71%"
"04/12/2021","57,673.0","57,883.8","57,883.8","57,251.6","2.79M","0.00%"
"04/09/2021","57,673.0","56,127.6","58,305.3","56,127.6","5.48M","3.14%"
"04/08/2021","55,916.9","56,338.3","56,619.3","55,846.6","2.22M","0.00%"
"04/07/2021","55,916.9","55,635.9","55,987.1","55,565.6","2.08M","0.25%"
"04/06/2021","55,776.4","55,565.6","56,197.8","55,565.6","2.08M","-0.25%"
"04/05/2021","55,916.9","56,478.8","56,549.1","55,425.1","2.05M","-0.25%"
"04/02/2021","56,057.4","56,478.8","56,549.1","56,057.4","2.69M","0.13%"
"04/01/2021","55,987.1","54,722.7","55,987.1","54,722.7","3.45M","2.57%"
"03/31/2021","54,582.2","54,160.7","54,863.1","53,809.4","1.90M","0.78%"
"03/30/2021","54,160.7","54,722.7","54,792.9","54,090.4","2.09M","-0.64%"
"03/29/2021","54,511.9","53,739.2","54,863.1","53,458.2","2.76M","1.97%"
"03/26/2021","53,458.2","53,528.4","53,949.9","52,334.2","3.69M","-0.65%"
"03/25/2021","53,809.4","54,441.7","54,441.7","53,739.2","3.18M","-0.52%"
"03/24/2021","54,090.4","54,722.7","55,425.1","53,739.2","3.42M","-2.28%"
"03/23/2021","55,354.9","55,144.1","56,197.8","55,003.6","3.04M","0.13%"
"03/22/2021","55,284.6","55,846.6","55,916.9","55,003.6","2.88M","-1.38%"
"03/19/2021","56,057.4","56,197.8","56,549.1","55,776.4","3.10M","-1.48%"
"03/18/2021","56,900.3","56,900.3","56,900.3","56,197.8","2.49M","0.25%"
"03/17/2021","56,759.8","57,251.6","57,251.6","56,197.8","2.21M","-0.25%"
"03/16/2021","56,900.3","54,090.4","57,251.6","53,809.4","7.05M","5.88%"
"03/15/2021","53,739.2","53,809.4","54,441.7","53,458.2","2.43M","0.00%"
"03/12/2021","53,739.2","54,090.4","54,160.7","53,598.7","2.85M","-0.26%"
"03/11/2021","53,879.7","53,739.2","54,160.7","53,458.2","2.04M","0.52%"
"03/10/2021","53,598.7","53,317.7","54,441.7","52,685.5","3.59M","1.73%"
"03/09/2021","52,685.5","52,685.5","53,177.2","52,334.2","3.01M","-1.06%"
"03/08/2021","53,247.5","53,388.0","53,739.2","52,966.5","2.29M","-0.13%"
"03/05/2021","53,317.7","53,036.7","53,388.0","52,334.2","3.46M","0.00%"
"03/04/2021","53,317.7","54,582.2","54,652.4","52,755.7","4.00M","-2.32%"
"03/03/2021","54,582.2","54,792.9","54,863.1","54,371.4","2.21M","-0.26%"
"03/02/2021","54,722.7","55,425.1","55,425.1","54,020.2","2.51M","0.00%"
"03/01/2021","54,722.7","53,949.9","54,792.9","53,949.9","2.87M","2.23%"
"02/26/2021","53,528.4","52,685.5","53,668.9","52,615.2","2.67M","0.00%"
"02/25/2021","53,528.4","53,458.2","53,598.7","52,334.2","2.66M","1.06%"
"02/24/2021","52,966.5","53,388.0","53,739.2","52,615.2","3.07M","-0.13%"
"02/23/2021","53,036.7","53,598.7","54,090.4","52,404.5","4.65M","-1.69%"
"02/22/2021","53,949.9","53,809.4","54,441.7","53,458.2","3.20M","0.26%"
"02/19/2021","53,809.4","54,301.2","54,792.9","53,388.0","5.14M","-2.05%"
"02/18/2021","54,933.4","54,792.9","55,003.6","53,809.4","3.10M","0.39%"
"02/17/2021","54,722.7","53,598.7","55,495.4","53,317.7","4.33M","4.42%"
"02/09/2021","52,404.5","50,156.6","52,404.5","49,173.1","5.83M","4.63%"
"02/08/2021","50,086.3","51,210.3","51,210.3","48,892.1","5.57M","-2.19%"
"02/05/2021","51,210.3","51,280.5","51,561.5","50,437.6","2.88M","0.55%"
"02/04/2021","50,929.3","49,313.6","51,421.0","49,313.6","6.07M","3.57%"
"02/03/2021","49,173.1","47,416.9","49,594.6","46,433.5","5.76M","6.06%"
"02/02/2021","46,363.2","44,326.1","46,363.2","44,255.8","4.51M","3.94%"
"02/01/2021","44,607.0","45,239.3","45,941.7","43,764.1","2.78M","1.28%"
"01/29/2021","44,045.1","41,445.9","44,045.1","41,445.9","4.43M","7.00%"
"01/28/2021","41,164.9","42,148.4","43,764.1","41,164.9","7.03M","-6.98%"
"01/27/2021","44,255.8","46,152.5","46,433.5","44,185.6","3.07M","-4.55%"
"01/26/2021","46,363.2","47,416.9","47,416.9","46,012.0","3.58M","-1.49%"
"01/25/2021","47,065.7","46,925.2","47,908.7","46,503.7","4.29M","0.15%"
"01/22/2021","46,995.4","46,152.5","47,416.9","45,941.7","2.88M","1.98%"
"01/21/2021","46,082.2","45,309.5","46,222.7","44,466.5","3.19M","3.63%"
"01/20/2021","44,466.5","44,045.1","44,747.5","42,288.9","5.06M","2.10%"
"01/19/2021","43,553.3","46,363.2","46,433.5","43,342.6","4.84M","-6.49%"
"01/18/2021","46,574.0","47,065.7","47,065.7","46,503.7","1.67M","-0.45%"
"01/15/2021","46,784.7","47,065.7","47,065.7","46,644.2","2.13M","0.30%"
"01/14/2021","46,644.2","46,714.5","47,065.7","46,152.5","2.45M","-0.15%"
"01/13/2021","46,714.5","46,293.0","47,346.7","46,293.0","3.60M","1.06%"
"01/12/2021","46,222.7","45,660.8","46,363.2","44,958.3","3.36M","1.70%"
"01/11/2021","45,450.0","44,888.0","45,450.0","44,466.5","2.72M","2.21%"
"01/08/2021","44,466.5","44,255.8","44,747.5","43,974.8","3.75M","1.28%"
"01/07/2021","43,904.6","43,974.8","44,185.6","43,483.1","2.97M","0.16%"
"01/06/2021","43,834.3","44,326.1","44,677.3","43,764.1","2.48M","-0.48%"
"01/05/2021","44,045.1","42,148.4","44,607.0","42,007.9","3.22M","4.15%"
"01/04/2021","42,288.9","41,867.4","42,288.9","41,656.7","2.97M","1.86%"
"12/31/2020","41,516.2","40,813.7","41,586.4","40,743.4","2.81M","1.72%"
"12/30/2020","40,813.7","41,375.7","41,375.7","40,813.7","1.66M","-0.85%"
"12/29/2020","41,164.9","40,673.2","41,305.4","40,462.4","3.00M","1.21%"
"12/28/2020","40,673.2","40,673.2","41,164.9","40,392.2","3.03M","0.52%"
"12/25/2020","40,462.4","40,041.0","40,462.4","39,760.0","2.24M","1.05%"
"12/24/2020","40,041.0","40,392.2","40,602.9","39,619.5","3.29M","-0.87%"
"12/23/2020","40,392.2","40,954.2","41,164.9","40,181.5","1.92M","-1.03%"
"12/22/2020","40,813.7","40,322.0","41,094.7","40,111.2","3.56M","1.04%"
"12/21/2020","40,392.2","40,251.7","40,602.9","40,111.2","3.18M","1.05%"
"12/18/2020","39,970.7","39,689.7","40,111.2","39,689.7","2.12M","0.71%"
"12/17/2020","39,689.7","39,970.7","40,111.2","39,338.5","4.96M","-1.05%"
"12/16/2020","40,111.2","40,181.5","40,392.2","40,041.0","2.75M","0.71%"
"12/15/2020","39,830.2","40,392.2","40,462.4","39,760.0","3.68M","-0.87%"
"12/14/2020","40,181.5","40,041.0","40,743.4","39,970.7","1.99M","0.35%"
"12/11/2020","40,041.0","39,760.0","40,041.0","39,549.2","2.42M","0.89%"
"12/10/2020","39,689.7","40,041.0","40,532.7","39,689.7","2.92M","-1.74%"
"12/09/2020","40,392.2","39,549.2","40,602.9","39,479.0","4.14M","2.31%"
"12/08/2020","39,479.0","39,127.8","39,760.0","38,987.3","3.17M","0.90%"
"12/07/2020","39,127.8","39,268.2","39,338.5","38,987.3","2.01M","0.00%"
"12/04/2020","39,127.8","38,917.0","39,268.2","38,917.0","1.91M","0.18%"
"12/03/2020","39,057.5","38,987.3","39,127.8","38,706.3","2.25M","0.00%"
"12/02/2020","39,057.5","38,636.0","39,127.8","38,636.0","2.91M","0.72%"
"12/01/2020","38,776.5","38,636.0","38,917.0","38,495.5","4.73M","-0.36%"
"11/30/2020","38,917.0","39,830.2","39,830.2","38,917.0","3.81M","-1.42%"
"11/27/2020","39,479.0","39,268.2","39,479.0","39,057.5","2.74M","0.90%"
"11/26/2020","39,127.8","38,987.3","39,338.5","38,495.5","2.26M","0.91%"
"11/25/2020","38,776.5","39,549.2","39,549.2","38,776.5","2.53M","-0.72%"
"11/24/2020","39,057.5","39,268.2","39,689.7","38,636.0","4.15M","-0.54%"
"11/23/2020","39,268.2","38,776.5","39,479.0","38,355.0","3.90M","1.27%"
"11/20/2020","38,776.5","38,706.3","39,268.2","38,636.0","2.54M","0.18%"
"11/19/2020","38,706.3","38,144.3","39,338.5","37,933.5","6.87M","2.04%"
"11/18/2020","37,933.5","38,144.3","38,144.3","37,722.8","2.42M","0.00%"
"11/17/2020","37,933.5","37,652.6","38,003.8","37,231.1","3.47M","1.31%"
"11/16/2020","37,441.8","37,933.5","38,214.5","37,231.1","5.12M","-0.93%"
"11/13/2020","37,793.1","37,793.1","37,793.1","37,582.3","1.82M","0.56%"
"11/12/2020","37,582.3","37,231.1","37,582.3","37,160.8","1.70M","0.94%"
"11/11/2020","37,231.1","37,512.1","37,512.1","37,020.3","2.30M","0.00%"
"11/10/2020","37,231.1","37,933.5","37,933.5","37,231.1","2.40M","-0.75%"
"11/09/2020","37,512.1","37,090.6","37,512.1","37,020.3","2.78M","1.91%"
"11/06/2020","36,809.6","36,809.6","37,090.6","36,598.8","1.36M","0.77%"
"11/05/2020","36,528.6","37,020.3","37,512.1","36,528.6","1.80M","-1.89%"
"11/04/2020","37,231.1","37,231.1","37,441.8","36,879.8","1.89M","0.38%"
"11/03/2020","37,090.6","36,458.4","37,160.8","36,317.9","3.54M","2.13%"
"11/02/2020","36,317.9","36,177.4","36,317.9","35,966.6","1.20M","0.39%"
"10/30/2020","36,177.4","36,107.1","36,177.4","35,474.9","2.03M","1.18%"
"10/29/2020","35,755.9","35,404.6","36,036.9","35,264.1","3.75M","0.39%"
"10/28/2020","35,615.4","36,528.6","36,809.6","35,615.4","4.96M","-2.69%"
"10/27/2020","36,598.8","37,160.8","37,371.6","36,598.8","4.40M","-1.33%"
"10/26/2020","37,090.6","37,863.3","38,284.8","37,090.6","5.32M","-2.04%"
"10/23/2020","37,863.3","38,074.0","38,284.8","37,582.3","3.65M","-0.19%"
"10/22/2020","37,933.5","37,090.6","37,933.5","36,950.1","3.24M","2.27%"
"10/21/2020","37,090.6","37,371.6","38,284.8","37,090.6","4.56M","-0.75%"
"10/20/2020","37,371.6","37,301.3","37,441.8","36,879.8","2.60M","-0.19%"
"10/19/2020","37,441.8","37,652.6","37,793.1","37,231.1","3.22M","0.19%"
"10/16/2020","37,371.6","35,966.6","37,863.3","35,755.9","7.96M","3.91%"
"10/15/2020","35,966.6","35,966.6","36,107.1","35,615.4","2.66M","0.39%"
"10/14/2020","35,826.1","35,685.6","36,107.1","35,404.6","3.33M","0.59%"
"10/13/2020","35,615.4","35,755.9","35,826.1","35,474.9","1.69M","-0.39%"
"10/12/2020","35,755.9","35,755.9","36,107.1","35,545.1","2.14M","0.20%"
"10/09/2020","35,685.6","35,826.1","35,966.6","35,685.6","1.62M","-0.59%"
"10/08/2020","35,896.4","35,474.9","36,177.4","35,334.4","4.23M","1.39%"
"10/07/2020","35,404.6","35,264.1","35,615.4","35,264.1","2.06M","-0.20%"
"10/06/2020","35,474.9","35,685.6","35,755.9","35,334.4","2.10M","0.00%"
"10/05/2020","35,474.9","35,404.6","35,685.6","35,053.4","2.07M","0.40%"
"10/02/2020","35,334.4","35,685.6","35,896.4","34,421.2","2.69M","-0.98%"
"10/01/2020","35,685.6","35,264.1","35,685.6","35,264.1","1.25M","1.60%"
"09/30/2020","35,123.7","35,264.1","35,404.6","34,948.0","3.45M","-0.40%"
"09/29/2020","35,264.1","36,107.1","36,107.1","35,264.1","2.62M","-1.76%"
"09/28/2020","35,896.4","35,755.9","36,036.9","35,545.1","1.81M","0.59%"
"09/25/2020","35,685.6","35,615.4","35,685.6","35,123.7","1.66M","0.59%"
"09/24/2020","35,474.9","35,615.4","35,826.1","35,264.1","2.39M","-1.17%"
"09/23/2020","35,896.4","36,036.9","36,177.4","35,685.6","2.48M","-0.39%"
"09/22/2020","36,036.9","35,685.6","36,036.9","35,545.1","2.25M","0.20%"
"09/21/2020","35,966.6","36,036.9","36,317.9","35,966.6","2.11M","0.00%"
"09/18/2020","35,966.6","35,193.9","36,107.1","35,123.7","4.56M","2.40%"
"09/17/2020","35,123.7","35,334.4","35,474.9","35,053.4","2.16M","-0.99%"
"09/16/2020","35,474.9","35,123.7","35,685.6","35,123.7","2.65M","1.00%"
"09/15/2020","35,123.7","34,772.4","35,123.7","34,631.9","2.63M","1.42%"
"09/14/2020","34,631.9","34,596.8","34,772.4","34,491.4","1.56M","0.30%"
"09/11/2020","34,526.6","34,421.2","34,561.7","34,315.8","1.20M","-0.10%"
"09/10/2020","34,561.7","34,772.4","34,983.2","34,491.4","1.39M","0.00%"
"09/09/2020","34,561.7","34,175.3","34,772.4","34,140.2","2.06M","-0.61%"
"09/08/2020","34,772.4","34,245.6","34,772.4","34,069.9","2.25M","2.06%"
"09/07/2020","34,069.9","35,088.5","35,123.7","34,069.9","3.13M","-3.00%"
"09/04/2020","35,123.7","34,772.4","35,123.7","34,772.4","2.12M","-0.79%"
"09/03/2020","35,404.6","35,404.6","35,474.9","35,053.4","3.15M","1.00%"
"09/01/2020","35,053.4","34,772.4","35,474.9","34,667.0","2.43M","0.81%"
"08/31/2020","34,772.4","35,053.4","35,334.4","34,667.0","2.68M","-0.80%"
"08/28/2020","35,053.4","35,264.1","35,896.4","35,053.4","5.53M","0.10%"
"08/27/2020","35,018.3","33,894.3","35,193.9","33,894.3","5.14M","3.00%"
"08/26/2020","33,999.7","34,280.7","34,315.8","33,859.2","1.83M","-0.92%"
"08/25/2020","34,315.8","34,140.2","34,386.1","34,105.1","4.56M","0.83%"
"08/24/2020","34,034.8","33,683.6","34,140.2","33,613.3","4.89M","2.22%"
"08/21/2020","33,297.2","33,191.9","33,367.5","33,156.7","1.74M","0.74%"
"08/20/2020","33,051.4","32,946.0","33,332.3","32,910.9","2.52M","0.43%"
"08/19/2020","32,910.9","32,946.0","33,051.4","32,770.4","1.21M","0.00%"
"08/18/2020","32,910.9","33,016.2","33,121.6","32,875.7","862.78K","-0.32%"
"08/17/2020","33,016.2","32,946.0","33,016.2","32,665.0","1.45M","0.43%"
"08/14/2020","32,875.7","33,082.1","33,150.8","32,635.0","2.25M","-0.31%"
"08/13/2020","32,978.9","32,806.9","32,978.9","32,669.4","2.36M","0.95%"
"08/12/2020","32,669.4","32,394.3","32,669.4","32,256.7","1.70M","1.06%"
"08/11/2020","32,325.5","32,635.0","32,635.0","32,325.5","1.67M","-0.42%"
"08/10/2020","32,463.1","32,566.2","32,875.7","32,394.3","1.60M","0.21%"
"08/07/2020","32,394.3","32,187.9","32,875.7","32,187.9","1.77M","0.64%"
"08/06/2020","32,187.9","32,325.5","32,497.4","32,119.2","1.59M","-0.43%"
"08/05/2020","32,325.5","31,981.6","32,428.7","31,809.7","1.83M","0.97%"
"08/04/2020","32,016.0","31,981.6","32,187.9","31,775.3","1.45M","1.42%"
"08/03/2020","31,568.9","30,606.1","31,568.9","30,606.1","1.92M","3.15%"
"07/31/2020","30,606.1","30,262.2","31,087.5","30,262.2","1.53M","-1.44%"
"07/30/2020","31,053.1","30,674.8","31,053.1","30,674.8","844.89K","1.35%"
"07/29/2020","30,640.4","30,537.3","30,881.2","30,124.6","2.14M","-2.52%"
"07/28/2020","31,431.4","30,537.3","31,500.2","30,365.3","2.70M","3.37%"
"07/27/2020","30,405.3","31,309.8","31,936.0","30,335.7","4.52M","-4.79%"
"07/24/2020","31,936.0","32,979.7","33,084.0","31,588.1","4.38M","-3.87%"
"07/23/2020","33,223.2","32,979.7","33,223.2","32,770.9","1.27M","0.74%"
"07/22/2020","32,979.7","33,397.1","33,397.1","32,910.1","1.13M","-0.84%"
"07/21/2020","33,258.0","33,049.3","33,362.4","32,875.3","1.30M","0.84%"
"07/20/2020","32,979.7","33,466.7","33,536.3","32,944.9","2.83M","-1.46%"
"07/17/2020","33,466.7","33,745.0","33,745.0","33,466.7","1.81M","-1.03%"
"07/16/2020","33,814.6","33,779.8","33,919.0","33,675.5","1.46M","0.00%"
"07/15/2020","33,814.6","33,884.2","34,058.1","33,675.5","2.09M","0.10%"
"07/14/2020","33,779.8","33,605.9","33,988.6","33,605.9","2.14M","-0.21%"
"07/13/2020","33,849.4","33,397.1","34,058.1","33,223.2","3.67M","1.78%"
"07/10/2020","33,258.0","33,466.7","33,571.1","33,049.3","1.61M","-1.14%"
"07/09/2020","33,640.7","33,327.6","33,675.5","33,258.0","3.17M","1.36%"
"07/08/2020","33,188.4","32,910.1","33,327.6","32,910.1","2.03M","0.53%"
"07/07/2020","33,014.5","32,701.4","33,327.6","32,701.4","3.78M","1.39%"
"07/06/2020","32,562.2","32,353.5","32,666.6","32,214.3","1.50M","1.19%"
"07/03/2020","32,179.5","32,353.5","32,353.5","32,075.2","731.07K","0.22%"
"07/02/2020","32,110.0","32,214.3","32,214.3","31,970.8","744.04K","-0.11%"
"07/01/2020","32,144.8","32,005.6","32,214.3","31,866.4","1.20M","1.20%"
"06/30/2020","31,762.1","32,110.0","32,283.9","31,588.1","2.20M","-0.87%"
"06/29/2020","32,040.4","32,423.1","32,423.1","31,901.2","1.77M","-1.71%"
"06/26/2020","32,597.0","32,562.2","32,805.7","32,492.6","831.97K","0.11%"
"06/25/2020","32,562.2","32,457.9","32,770.9","32,423.1","1.01M","-0.85%"
"06/24/2020","32,840.5","33,327.6","33,362.4","32,736.2","837.66K","-0.74%"
"06/23/2020","33,084.0","32,666.6","33,675.5","32,527.4","2.34M","1.17%"
"06/22/2020","32,701.4","32,701.4","32,701.4","32,597.0","1.09M","0.00%"
"06/19/2020","32,701.4","32,423.1","32,701.4","32,423.1","1.03M","0.86%"
"06/18/2020","32,423.1","32,214.3","32,492.6","32,110.0","1.14M","0.54%"
"06/17/2020","32,249.1","32,492.6","32,527.4","32,179.5","1.09M","-0.54%"
"06/16/2020","32,423.1","32,423.1","32,562.2","32,214.3","1.52M","1.30%"
"06/15/2020","32,005.6","33,397.1","33,397.1","31,936.0","1.67M","-2.13%"
"06/12/2020","32,701.4","31,309.8","32,701.4","31,309.8","4.34M","2.17%"
"06/11/2020","32,005.6","33,953.8","33,953.8","32,005.6","5.90M","-5.74%"
"06/10/2020","33,953.8","34,092.9","34,092.9","33,675.5","1.80M","-0.31%"
"06/09/2020","34,058.1","34,510.4","34,545.2","34,023.3","2.06M","-0.81%"
"06/08/2020","34,336.4","34,092.9","34,788.7","34,092.9","5.68M","1.33%"
"06/05/2020","33,884.2","33,675.5","33,884.2","33,501.5","1.71M","0.62%"
"06/04/2020","33,675.5","34,023.3","34,023.3","33,675.5","1.74M","-0.51%"
"06/03/2020","33,849.4","33,397.1","34,058.1","33,327.6","2.61M","1.35%"
"06/02/2020","33,397.1","33,605.9","33,745.0","33,397.1","2.01M","-0.62%"
"06/01/2020","33,605.9","33,397.1","33,640.7","33,397.1","1.79M","0.73%"
"05/29/2020","33,362.4","33,397.1","33,466.7","33,049.3","1.86M","-0.10%"
"05/28/2020","33,397.1","33,536.3","33,814.6","33,397.1","1.65M","0.00%"
"05/27/2020","33,397.1","34,023.3","34,371.2","33,397.1","2.90M","-1.64%"
"05/26/2020","33,953.8","33,745.0","33,953.8","33,640.7","2.23M","0.72%"
"05/25/2020","33,710.2","33,745.0","33,814.6","33,258.0","2.81M","0.00%"
"05/22/2020","33,710.2","34,092.9","34,092.9","33,710.2","2.39M","-1.72%"
"05/21/2020","34,301.7","34,023.3","34,301.7","33,988.6","2.77M","0.82%"
"05/20/2020","34,023.3","34,092.9","34,092.9","33,779.8","1.72M","-0.71%"
"05/19/2020","34,266.9","34,232.1","34,580.0","33,814.6","3.97M","1.86%"
"05/18/2020","33,640.7","33,049.3","33,640.7","32,979.7","2.76M","0.73%"
"05/15/2020","33,397.1","33,605.9","34,023.3","33,223.2","3.35M","-1.44%"
"05/14/2020","33,884.2","34,058.1","34,162.5","33,745.0","3.58M","-1.32%"
"05/13/2020","34,336.4","33,049.3","34,475.6","32,979.7","9.46M","6.02%"
"05/12/2020","32,387.0","32,148.9","32,387.0","31,910.7","4.49M","0.74%"
"05/11/2020","32,148.9","32,148.9","32,387.0","31,732.1","3.36M","0.56%"
"05/08/2020","31,970.3","31,910.7","32,803.7","31,910.7","5.69M","0.37%"
"05/07/2020","31,851.2","31,553.5","31,851.2","31,196.3","3.22M","1.13%"
"05/06/2020","31,494.0","30,362.8","31,613.1","30,362.8","5.51M","3.93%"
"05/05/2020","30,303.3","30,243.7","30,362.8","30,005.6","1.08M","0.79%"
"05/04/2020","30,065.1","29,886.5","30,303.3","29,648.4","1.42M","-0.59%"
"04/29/2020","30,243.7","30,243.7","30,601.0","30,065.1","2.14M","0.20%"
"04/28/2020","30,184.2","30,184.2","30,243.7","29,886.5","1.55M","0.00%"
"04/27/2020","30,184.2","30,660.5","30,660.5","30,065.1","2.25M","-0.59%"
"04/24/2020","30,362.8","30,303.3","30,481.9","29,827.0","2.24M","0.00%"
"04/23/2020","30,362.8","31,017.7","31,077.2","30,362.8","2.16M","-0.20%"
"04/22/2020","30,422.4","29,053.0","30,481.9","28,993.5","3.88M","3.65%"
"04/21/2020","29,350.7","30,065.1","30,303.3","29,112.6","5.93M","-3.90%"
"04/20/2020","30,541.4","30,898.6","30,958.2","30,184.2","3.55M","0.20%"
"04/17/2020","30,481.9","30,481.9","30,541.4","29,886.5","4.18M","1.79%"
"04/16/2020","29,946.1","29,588.9","30,243.7","29,350.7","2.39M","0.40%"
"04/15/2020","29,827.0","30,065.1","30,243.7","29,678.2","3.50M","1.21%"
"04/14/2020","29,469.8","28,338.6","29,469.8","27,981.4","6.46M","6.45%"
"04/13/2020","27,683.7","27,624.2","27,981.4","27,445.6","1.99M","0.22%"
"04/10/2020","27,624.2","27,743.3","27,981.4","27,326.5","2.99M","-0.96%"
"04/09/2020","27,892.1","27,981.4","28,338.6","27,683.7","3.40M","0.00%"
"04/08/2020","27,892.1","27,445.6","28,011.2","27,237.2","2.50M","-0.95%"
"04/07/2020","28,160.0","28,279.1","28,398.2","27,683.7","3.91M","-0.42%"
"04/06/2020","28,279.1","27,386.1","28,279.1","27,088.4","4.32M","6.50%"
"04/03/2020","26,552.6","25,600.0","26,582.3","25,421.4","3.29M","5.44%"
"04/01/2020","25,183.3","24,290.3","25,719.1","24,290.3","2.31M","2.92%"
"03/31/2020","24,468.9","24,707.0","25,242.8","23,873.5","2.64M","1.73%"
"03/30/2020","24,052.1","24,111.6","24,468.9","23,873.5","3.42M","-6.26%"
"03/27/2020","25,659.6","26,433.5","26,433.5","25,540.5","4.18M","-2.49%"
"03/26/2020","26,314.4","27,088.4","27,296.8","26,314.4","3.74M","-3.91%"
"03/25/2020","27,386.1","27,386.1","27,624.2","26,880.0","3.38M","3.37%"
"03/24/2020","26,493.0","26,790.7","26,790.7","25,897.7","3.48M","0.23%"
"03/23/2020","26,433.5","27,445.6","27,921.9","26,433.5","4.49M","-6.92%"
"03/20/2020","28,398.2","28,695.8","28,725.6","28,189.8","2.05M","0.00%"
"03/19/2020","28,398.2","28,338.6","28,636.3","28,338.6","2.06M","-1.45%"
"03/18/2020","28,814.9","29,172.1","29,231.7","28,785.1","2.61M","-0.21%"
"03/17/2020","28,874.4","27,981.4","28,874.4","27,683.7","3.93M","1.89%"
"03/16/2020","28,338.6","28,666.1","29,588.9","28,279.1","3.01M","-1.14%"
"03/13/2020","28,666.1","26,969.3","29,767.5","26,909.8","4.63M","0.10%"
"03/12/2020","28,636.3","28,934.0","29,350.7","28,160.0","6.32M","-5.31%"
"03/11/2020","30,243.7","30,958.2","31,255.8","29,469.8","4.37M","-1.74%"
"03/10/2020","30,779.6","30,362.8","30,958.2","29,946.1","3.22M","2.78%"
"03/09/2020","29,946.1","30,481.9","30,958.2","29,946.1","7.51M","-6.85%"
"03/06/2020","32,148.9","32,267.9","32,327.5","31,851.2","2.07M","-1.10%"
"03/05/2020","32,506.1","33,041.9","33,280.0","32,506.1","2.06M","-1.62%"
"03/04/2020","33,041.9","33,041.9","33,041.9","32,684.7","2.64M","-0.72%"
"03/03/2020","33,280.0","33,458.6","33,934.9","33,161.0","1.89M","0.36%"
"03/02/2020","33,161.0","32,803.7","33,458.6","32,625.1","2.84M","1.09%"
"02/28/2020","32,803.7","32,744.2","33,161.0","32,506.1","3.38M","-1.61%"
"02/27/2020","33,339.6","32,744.2","33,637.2","32,506.1","4.65M","1.82%"
"02/26/2020","32,744.2","31,791.7","32,863.3","31,553.5","5.11M","1.85%"
"02/25/2020","32,148.9","31,017.7","32,148.9","30,958.2","2.23M","2.86%"
"02/24/2020","31,255.8","31,613.1","32,089.3","31,255.8","3.59M","-4.02%"
"02/21/2020","32,565.6","33,280.0","33,280.0","32,565.6","2.31M","-1.97%"
"02/20/2020","33,220.5","33,399.1","33,577.7","33,041.9","1.24M","0.18%"
"02/19/2020","33,161.0","33,280.0","33,458.6","33,041.9","1.08M","-0.54%"
"02/18/2020","33,339.6","32,387.0","33,339.6","32,327.5","2.79M","3.32%"
"02/17/2020","32,267.9","32,506.1","32,506.1","32,148.9","1.15M","-0.55%"
"02/14/2020","32,446.5","32,208.4","32,446.5","32,148.9","1.40M","0.37%"
"02/13/2020","32,327.5","32,208.4","32,446.5","31,970.3","1.64M","0.37%"
"02/12/2020","32,208.4","32,029.8","32,565.6","31,970.3","1.75M","0.93%"
"02/11/2020","31,910.7","31,494.0","31,970.3","31,374.9","1.72M","1.90%"
"02/10/2020","31,315.4","31,196.3","31,553.5","31,017.7","1.17M","-1.31%"
"02/07/2020","31,732.1","31,553.5","31,851.2","31,434.4","1.93M","-0.56%"
"02/06/2020","31,910.7","31,255.8","31,910.7","30,839.1","2.71M","3.08%"
"02/05/2020","30,958.2","31,136.8","31,434.4","30,958.2","2.62M","0.39%"
"02/04/2020","30,839.1","31,196.3","31,196.3","30,362.8","2.62M","0.58%"
"02/03/2020","30,660.5","29,529.3","31,255.8","29,172.1","5.72M","-0.96%"
"01/31/2020","30,958.2","32,148.9","32,684.7","30,958.2","6.54M","-4.94%"
"01/30/2020","32,565.6","32,922.8","33,220.5","32,089.3","4.19M","-3.19%"
"01/22/2020","33,637.2","32,744.2","33,637.2","32,565.6","5.02M","1.80%"
"01/21/2020","33,041.9","34,411.2","34,530.3","33,041.9","6.91M","-3.31%"
"01/20/2020","34,173.1","34,232.6","34,530.3","34,054.0","1.95M","-0.35%"
"01/17/2020","34,292.1","34,530.3","34,589.8","33,934.9","2.20M","-0.69%"
"01/16/2020","34,530.3","33,934.9","34,649.3","33,934.9","3.08M","1.75%"
"01/15/2020","33,934.9","33,934.9","33,994.4","33,815.8","1.49M","0.00%"
"01/14/2020","33,934.9","33,994.4","34,173.1","33,934.9","1.15M","-0.18%"
"01/13/2020","33,994.4","34,173.1","34,292.1","33,934.9","1.25M","-0.70%"
"01/10/2020","34,232.6","34,232.6","34,411.2","33,994.4","1.62M","-0.17%"
"01/09/2020","34,292.1","34,113.5","34,351.7","33,994.4","1.53M","1.41%"
"01/08/2020","33,815.8","34,232.6","34,351.7","33,815.8","2.88M","-2.24%"
"01/07/2020","34,589.8","34,113.5","34,589.8","33,934.9","1.33M","1.93%"
"01/06/2020","33,934.9","33,994.4","34,292.1","33,815.8","1.73M","-1.04%"
"01/03/2020","34,292.1","35,066.1","35,185.1","34,173.1","3.25M","-1.71%"
"01/02/2020","34,887.5","34,708.9","35,125.6","34,530.3","1.42M","0.51%"
"12/31/2019","34,708.9","34,887.5","34,947.0","34,530.3","1.09M","-0.51%"
"12/30/2019","34,887.5","34,411.2","35,066.1","34,292.1","4.57M","1.74%"
"12/27/2019","34,292.1","34,173.1","34,411.2","33,815.8","1.59M","0.35%"
"12/26/2019","34,173.1","34,411.2","34,589.8","34,173.1","1.78M","-0.17%"
"12/25/2019","34,232.6","33,577.7","34,470.7","33,577.7","2.55M","1.95%"
"12/24/2019","33,577.7","33,577.7","33,637.2","33,399.1","1.10M","0.53%"
"12/23/2019","33,399.1","33,875.4","33,934.9","33,339.6","1.22M","-0.71%"
"12/20/2019","33,637.2","33,339.6","33,756.3","33,220.5","1.23M","1.25%"
"12/19/2019","33,220.5","33,041.9","33,458.6","32,982.4","1.30M","0.54%"
"12/18/2019","33,041.9","32,982.4","33,339.6","32,744.2","1.62M","0.18%"
"12/17/2019","32,982.4","33,458.6","33,577.7","32,803.7","3.51M","-1.95%"
"12/16/2019","33,637.2","33,994.4","33,994.4","33,577.7","1.54M","-1.05%"
"12/13/2019","33,994.4","34,054.0","34,232.6","33,875.4","2.67M","0.18%"
"12/12/2019","33,934.9","33,815.8","34,054.0","33,756.3","1.50M","0.89%"
"12/11/2019","33,637.2","33,041.9","33,696.8","32,863.3","1.39M","1.80%"
"12/10/2019","33,041.9","32,922.8","33,220.5","32,625.1","1.26M","0.36%"
"12/09/2019","32,922.8","32,863.3","33,220.5","32,744.2","1.11M","0.55%"
"12/06/2019","32,744.2","32,744.2","32,982.4","32,565.6","882.63K","0.18%"
"12/05/2019","32,684.7","33,041.9","33,220.5","32,625.1","1.82M","-0.90%"
"12/04/2019","32,982.4","32,446.5","33,041.9","32,148.9","1.48M","1.65%"
"12/03/2019","32,446.5","32,267.9","32,863.3","31,732.1","2.57M","-0.18%"
"12/02/2019","32,506.1","33,637.2","33,637.2","32,506.1","3.16M","-3.19%"
"11/29/2019","33,577.7","33,339.6","33,815.8","33,220.5","1.17M","0.71%"
"11/28/2019","33,339.6","33,875.4","33,875.4","33,220.5","2.18M","-1.75%"
"11/27/2019","33,934.9","34,054.0","34,173.1","33,875.4","1.29M","-0.18%"
"11/26/2019","33,994.4","33,934.9","34,054.0","33,815.8","1.54M","0.88%"
"11/25/2019","33,696.8","33,399.1","33,934.9","33,220.5","1.73M","1.07%"
"11/22/2019","33,339.6","33,518.2","33,994.4","33,041.9","2.58M","0.00%"
"11/21/2019","33,339.6","33,815.8","33,994.4","33,280.0","5.24M","-1.41%"
"11/20/2019","33,815.8","34,649.3","34,649.3","33,696.8","3.64M","-2.57%"
"11/19/2019","34,708.9","34,232.6","34,708.9","34,232.6","1.68M","1.39%"
"11/18/2019","34,232.6","34,768.4","35,006.5","33,994.4","4.44M","-1.88%"
"11/15/2019","34,887.5","34,708.9","35,006.5","34,351.7","4.08M","0.51%"
"11/14/2019","34,708.9","36,018.6","36,316.3","34,232.6","7.62M","-3.64%"
"11/13/2019","36,018.6","36,435.4","36,494.9","36,018.6","2.12M","-0.82%"
"11/12/2019","36,316.3","35,721.0","36,494.9","35,721.0","4.51M","1.67%"
"11/11/2019","35,721.0","35,542.4","36,078.2","35,423.3","3.46M","0.67%"
"11/08/2019","35,482.8","35,601.9","35,601.9","35,244.7","1.94M","0.17%"
"11/07/2019","35,423.3","35,423.3","35,661.4","35,244.7","2.28M","0.00%"
"11/06/2019","35,423.3","35,601.9","35,959.1","35,423.3","2.46M","-0.50%"
"11/05/2019","35,601.9","35,780.5","35,780.5","35,363.8","1.97M","-0.17%"
"11/04/2019","35,661.4","34,947.0","36,018.6","34,947.0","9.22M","2.39%"
"11/01/2019","34,827.9","34,530.3","34,947.0","34,292.1","2.75M","1.04%"
"10/31/2019","34,470.7","34,530.3","34,947.0","34,411.2","2.01M","0.17%"
"10/30/2019","34,411.2","34,470.7","34,589.8","34,292.1","1.75M","-0.17%"
"10/29/2019","34,470.7","34,649.3","34,708.9","34,411.2","1.51M","-0.34%"
"10/28/2019","34,589.8","34,530.3","35,006.5","34,411.2","2.37M","0.17%"
"10/25/2019","34,530.3","34,708.9","34,827.9","34,351.7","2.15M","-0.34%"
"10/24/2019","34,649.3","33,815.8","34,649.3","33,577.7","3.55M","3.19%"
"10/23/2019","33,577.7","33,339.6","33,934.9","33,339.6","1.19M","0.18%"
"10/22/2019","33,518.2","33,637.2","33,696.8","33,161.0","2.44M","-0.35%"
"10/21/2019","33,637.2","34,173.1","34,173.1","33,518.2","2.00M","-1.05%"
"10/18/2019","33,994.4","33,815.8","34,292.1","33,696.8","2.30M","0.71%"
"10/17/2019","33,756.3","34,173.1","34,232.6","33,696.8","2.57M","-1.39%"
"10/16/2019","34,232.6","34,411.2","34,530.3","34,173.1","1.32M","0.17%"
"10/15/2019","34,173.1","34,411.2","34,411.2","34,173.1","1.05M","-0.52%"
"10/14/2019","34,351.7","33,934.9","34,649.3","33,815.8","3.54M","2.12%"
"10/11/2019","33,637.2","33,756.3","33,875.4","33,577.7","1.26M","0.18%"
"10/10/2019","33,577.7","33,696.8","33,934.9","33,577.7","1.28M","0.00%"
"10/09/2019","33,577.7","33,518.2","33,934.9","33,220.5","1.49M","0.53%"
"10/08/2019","33,399.1","33,041.9","33,458.6","32,863.3","2.12M","1.08%"
"10/07/2019","33,041.9","33,815.8","34,054.0","33,041.9","3.76M","-2.29%"
"10/04/2019","33,815.8","34,232.6","34,232.6","33,756.3","2.02M","-0.70%"
"10/03/2019","34,054.0","33,696.8","34,173.1","33,577.7","4.45M","0.00%"
"10/02/2019","34,054.0","34,827.9","34,887.5","34,054.0","3.87M","-2.22%"
"10/01/2019","34,827.9","34,351.7","34,827.9","34,292.1","2.61M","1.39%"
"09/30/2019","34,351.7","35,304.2","35,423.3","34,351.7","3.49M","-1.37%"
"09/27/2019","34,827.9","34,292.1","35,006.5","34,173.1","3.98M","1.39%"
"09/26/2019","34,351.7","34,351.7","34,530.3","34,054.0","1.58M","0.52%"
"09/25/2019","34,173.1","33,518.2","34,173.1","33,399.1","2.29M","2.14%"
"09/24/2019","33,458.6","33,577.7","33,934.9","33,220.5","4.03M","-0.53%"
"09/23/2019","33,637.2","34,530.3","34,708.9","33,637.2","3.67M","-2.92%"
"09/20/2019","34,649.3","34,351.7","35,006.5","34,292.1","2.22M","0.69%"
"09/19/2019","34,411.2","33,696.8","34,411.2","33,458.6","2.27M","2.48%"
"09/18/2019","33,577.7","34,470.7","34,470.7","33,518.2","4.11M","-2.08%"
"09/17/2019","34,292.1","34,113.5","34,589.8","33,994.4","1.90M","-0.17%"
"09/16/2019","34,351.7","33,875.4","34,530.3","33,756.3","2.13M","1.58%"
"09/13/2019","33,815.8","33,637.2","34,173.1","33,518.2","3.37M","0.53%"
"09/12/2019","33,637.2","32,387.0","33,637.2","32,387.0","6.03M","4.44%"
"09/11/2019","32,208.4","32,148.9","32,267.9","31,791.7","1.87M","0.19%"
"09/10/2019","32,148.9","32,267.9","32,387.0","31,910.7","2.75M","0.37%"
"09/09/2019","32,029.8","31,553.5","32,387.0","31,255.8","3.98M","1.70%"
"09/06/2019","31,494.0","31,494.0","31,672.6","31,136.8","1.81M","0.57%"
"09/05/2019","31,315.4","31,791.7","31,851.2","31,315.4","1.97M","-1.13%"
"09/04/2019","31,672.6","31,970.3","32,267.9","31,553.5","2.63M","-0.93%"
"09/03/2019","31,970.3","31,553.5","32,148.9","31,553.5","2.16M","1.13%"
"08/30/2019","31,613.1","31,553.5","31,791.7","31,494.0","1.12M","0.76%"
"08/29/2019","31,374.9","31,077.2","31,434.4","30,898.6","1.54M","1.15%"
"08/28/2019","31,017.7","31,553.5","31,672.6","31,017.7","2.44M","-1.33%"
"08/27/2019","31,434.4","32,148.9","32,327.5","31,434.4","2.49M","-1.68%"
"08/26/2019","31,970.3","31,851.2","32,267.9","31,851.2","2.79M","-1.29%"
"08/23/2019","32,387.0","31,613.1","32,387.0","31,315.4","2.96M","2.64%"
"08/22/2019","31,553.5","31,910.7","32,327.5","31,494.0","3.00M","-1.12%"
"08/21/2019","31,910.7","32,208.4","32,446.5","31,791.7","2.87M","-0.74%"
"08/20/2019","32,148.9","31,196.3","32,148.9","31,196.3","3.61M","3.05%"
"08/19/2019","31,196.3","30,958.2","31,374.9","30,481.9","4.52M","0.77%"
"08/16/2019","30,958.2","31,553.5","32,803.7","30,958.2","7.19M","-1.89%"
"08/15/2019","31,553.5","30,898.6","31,553.5","30,601.0","3.53M","1.53%"
"08/14/2019","31,077.2","30,960.4","31,369.3","30,843.6","3.50M","1.33%"
"08/13/2019","30,668.3","30,434.7","31,077.2","30,201.0","3.55M","0.38%"
"08/12/2019","30,551.5","29,850.5","30,726.7","29,616.8","2.89M","2.35%"
"08/09/2019","29,850.5","29,383.2","30,025.8","29,207.9","2.78M","1.59%"
"08/08/2019","29,383.2","29,120.3","29,558.4","29,120.3","3.31M","1.11%"
"08/07/2019","29,061.9","28,623.8","29,061.9","28,594.6","1.98M","1.63%"
"08/06/2019","28,594.6","28,156.4","28,799.0","28,156.4","2.07M","-0.10%"
"08/05/2019","28,623.8","28,623.8","29,091.1","28,506.9","3.69M","0.41%"
"08/02/2019","28,506.9","28,068.8","28,623.8","27,952.0","2.30M","0.93%"
"08/01/2019","28,244.1","28,273.3","28,390.1","28,156.4","1.53M","-0.10%"
"07/31/2019","28,273.3","27,922.8","28,273.3","27,747.5","1.76M","1.26%"
"07/30/2019","27,922.8","28,390.1","28,390.1","27,864.4","3.32M","-1.65%"
"07/29/2019","28,390.1","28,506.9","28,506.9","28,156.4","1.79M","-0.41%"
"07/26/2019","28,506.9","28,331.7","28,506.9","28,244.1","1.66M","0.31%"
"07/25/2019","28,419.3","28,390.1","28,594.6","28,331.7","1.84M","0.10%"
"07/24/2019","28,390.1","28,828.2","28,857.4","28,390.1","3.10M","-0.41%"
"07/23/2019","28,506.9","28,331.7","28,506.9","28,098.0","1.51M","0.93%"
"07/22/2019","28,244.1","28,156.4","28,419.3","28,010.4","2.79M","0.31%"
"07/19/2019","28,156.4","27,426.2","28,214.9","27,397.0","4.46M","2.99%"
"07/18/2019","27,338.6","27,455.5","27,513.9","27,338.6","1.64M","-0.53%"
"07/17/2019","27,484.7","27,630.7","27,747.5","27,455.5","2.05M","-0.53%"
"07/16/2019","27,630.7","27,659.9","27,922.8","27,601.5","1.84M","0.00%"
"07/15/2019","27,630.7","27,426.2","27,776.7","27,367.8","1.87M","0.64%"
"07/12/2019","27,455.5","27,513.9","27,718.3","27,338.6","1.97M","0.00%"
"07/11/2019","27,455.5","27,543.1","27,601.5","27,338.6","1.36M","-0.11%"
"07/10/2019","27,484.7","27,426.2","27,718.3","27,338.6","2.03M","0.64%"
"07/09/2019","27,309.4","27,046.5","27,367.8","26,929.7","1.58M","0.97%"
"07/08/2019","27,046.5","27,163.4","27,397.0","26,900.5","2.07M","-0.64%"
"07/05/2019","27,221.8","27,338.6","27,455.5","27,105.0","1.81M","-0.75%"
"07/04/2019","27,426.2","27,455.5","27,572.3","27,338.6","2.02M","0.32%"
"07/03/2019","27,338.6","27,280.2","27,397.0","27,192.6","2.02M","-0.21%"
"07/02/2019","27,397.0","27,455.5","27,747.5","27,251.0","2.54M","-0.42%"
"07/01/2019","27,513.9","26,871.3","27,513.9","26,812.9","4.05M","3.52%"
"06/28/2019","26,579.2","26,520.8","26,871.3","26,228.7","3.93M","0.22%"
"06/27/2019","26,520.8","26,900.5","26,929.7","26,462.4","1.94M","-1.63%"
"06/26/2019","26,958.9","27,163.4","27,163.4","26,929.7","1.61M","-0.75%"
"06/25/2019","27,163.4","26,287.1","27,192.6","26,170.3","5.19M","2.99%"
"06/24/2019","26,374.8","26,520.8","26,550.0","26,374.8","1.15M","-0.55%"
"06/21/2019","26,520.8","26,579.2","26,637.6","26,433.2","1.38M","0.00%"
"06/20/2019","26,520.8","26,199.5","26,520.8","26,082.7","2.15M","1.68%"
"06/19/2019","26,082.7","25,878.2","26,111.9","25,819.8","842.41K","1.36%"
"06/18/2019","25,732.2","25,907.4","25,965.8","25,556.9","1.21M","0.00%"
"06/17/2019","25,732.2","25,761.4","25,995.1","25,644.6","1.61M","-0.79%"
"06/14/2019","25,936.6","26,053.5","26,228.7","25,936.6","888.40K","-0.34%"
"06/13/2019","26,024.3","26,316.3","26,345.6","25,995.1","1.36M","-1.11%"
"06/12/2019","26,316.3","26,404.0","26,637.6","26,287.1","2.04M","-0.33%"
"06/11/2019","26,404.0","26,345.6","26,637.6","26,228.7","2.06M","0.22%"
"06/10/2019","26,345.6","26,579.2","26,696.0","26,170.3","1.95M","-0.22%"
"06/07/2019","26,404.0","26,170.3","26,433.2","26,111.9","2.07M","1.57%"
"06/06/2019","25,995.1","25,586.1","26,111.9","25,469.3","1.46M","2.06%"
"06/05/2019","25,469.3","25,410.9","25,644.6","25,410.9","793.66K","0.69%"
"06/04/2019","25,294.1","25,410.9","25,527.7","25,264.9","852.47K","-0.46%"
"06/03/2019","25,410.9","25,703.0","25,761.4","25,410.9","1.40M","-1.36%"
"05/31/2019","25,761.4","26,053.5","26,170.3","25,761.4","971.02K","-1.01%"
"05/30/2019","26,024.3","25,761.4","26,111.9","25,644.6","1.57M","1.02%"
"05/29/2019","25,761.4","26,199.5","26,199.5","25,703.0","2.39M","-1.67%"
"05/28/2019","26,199.5","26,287.1","26,520.8","26,141.1","822.81K","-0.88%"
"05/27/2019","26,433.2","26,462.4","26,550.0","26,082.7","2.00M","-0.77%"
"05/24/2019","26,637.6","26,579.2","26,842.1","26,433.2","1.61M","-0.22%"
"05/23/2019","26,696.0","26,433.2","26,754.5","26,404.0","2.01M","0.99%"
"05/22/2019","26,433.2","26,842.1","26,958.9","26,433.2","2.48M","-1.42%"
"05/21/2019","26,812.9","26,579.2","26,900.5","26,491.6","1.61M","1.44%"
"05/20/2019","26,433.2","25,995.1","26,462.4","25,995.1","2.84M","1.80%"
"05/17/2019","25,965.8","26,287.1","26,287.1","25,878.2","2.36M","0.32%"
"05/16/2019","25,884.0","26,275.0","26,431.4","25,884.0","3.30M","-1.49%"
"05/15/2019","26,275.0","26,327.2","26,379.3","26,118.6","2.69M","0.40%"
"05/14/2019","26,170.8","25,753.7","26,483.5","25,597.3","2.72M","1.41%"
"05/13/2019","25,805.8","25,545.2","25,962.2","25,545.2","1.48M","1.02%"
"05/10/2019","25,545.2","25,545.2","25,675.5","25,414.8","1.79M","0.82%"
"05/09/2019","25,336.6","25,858.0","25,884.0","25,336.6","1.50M","-2.11%"
"05/08/2019","25,884.0","25,701.6","25,910.1","25,545.2","1.67M","-0.10%"
"05/07/2019","25,910.1","25,597.3","25,910.1","25,571.2","1.91M","1.95%"
"05/06/2019","25,414.8","25,545.2","25,753.7","25,258.4","2.54M","-2.50%"
"05/03/2019","26,066.5","26,014.4","26,066.5","25,858.0","1.85M","0.30%"
"05/02/2019","25,988.3","25,962.2","26,170.8","25,884.0","1.54M","0.61%"
"04/26/2019","25,831.9","25,493.0","25,936.2","25,440.9","1.51M","1.54%"
"04/25/2019","25,440.9","25,284.5","25,623.4","25,258.4","1.69M","0.51%"
"04/24/2019","25,310.6","25,284.5","25,362.7","25,076.0","1.49M","1.36%"
"04/23/2019","24,971.7","24,971.7","25,258.4","24,763.2","959.09K","0.00%"
"04/22/2019","24,971.7","25,284.5","25,284.5","24,919.6","1.44M","-1.14%"
"04/19/2019","25,258.4","25,388.8","25,493.0","25,232.4","792.51K","-0.10%"
"04/18/2019","25,284.5","25,284.5","25,675.5","25,049.9","1.70M","0.00%"
"04/17/2019","25,284.5","25,180.2","25,805.8","25,128.1","3.42M","1.25%"
"04/16/2019","24,971.7","24,763.2","25,128.1","24,763.2","1.58M","-0.62%"
"04/12/2019","25,128.1","24,424.3","25,232.4","24,424.3","1.53M","2.55%"
"04/11/2019","24,502.5","24,450.4","24,763.2","24,424.3","628.30K","0.21%"
"04/10/2019","24,450.4","24,502.5","24,658.9","24,372.2","1.28M","-0.85%"
"04/09/2019","24,658.9","24,919.6","25,284.5","24,658.9","1.77M","-1.05%"
"04/08/2019","24,919.6","24,841.4","25,023.8","24,737.1","790.21K","0.00%"
"04/05/2019","24,919.6","24,919.6","24,971.7","24,737.1","1.07M","0.00%"
"04/04/2019","24,919.6","24,763.2","25,128.1","24,632.8","3.00M","1.27%"
"04/03/2019","24,606.8","24,189.7","24,606.8","23,981.2","1.81M","2.61%"
"04/02/2019","23,981.2","23,876.9","24,346.1","23,876.9","2.36M","0.44%"
"04/01/2019","23,876.9","23,929.0","23,929.0","23,720.5","571.72K","0.66%"
"03/29/2019","23,720.5","23,772.6","23,772.6","23,616.2","779.89K","0.78%"
"03/28/2019","23,538.0","23,329.5","23,642.3","23,329.5","632.57K","0.33%"
"03/27/2019","23,459.8","23,355.6","23,512.0","23,355.6","1.03M","0.56%"
"03/26/2019","23,329.5","23,459.8","23,459.8","23,199.2","674.05K","0.79%"
"03/25/2019","23,147.0","23,042.8","23,459.8","23,042.8","1.11M","-1.44%"
"03/22/2019","23,485.9","23,512.0","23,668.4","23,485.9","1.20M","-0.11%"
"03/21/2019","23,512.0","23,876.9","23,876.9","23,512.0","1.44M","-0.77%"
"03/20/2019","23,694.4","23,772.6","23,929.0","23,590.2","1.39M","-0.55%"
"03/19/2019","23,824.8","24,085.4","24,137.6","23,824.8","1.60M","-1.08%"
"03/18/2019","24,085.4","24,137.6","24,215.8","23,955.1","1.74M","0.43%"
"03/15/2019","23,981.2","24,111.5","24,137.6","23,850.8","1.82M","-0.54%"
"03/14/2019","24,111.5","24,085.4","24,241.8","23,981.2","931.30K","0.11%"
"03/13/2019","24,085.4","24,241.8","24,346.1","24,085.4","1.75M","-0.65%"
"03/12/2019","24,241.8","23,329.5","24,241.8","23,329.5","3.37M","4.49%"
"03/11/2019","23,199.2","23,277.4","23,381.6","23,173.1","636.34K","-0.34%"
"03/08/2019","23,277.4","23,303.4","23,355.6","23,173.1","1.21M","-0.22%"
"03/07/2019","23,329.5","23,251.3","23,459.8","23,251.3","653.49K","0.34%"
"03/06/2019","23,251.3","23,433.8","23,512.0","23,173.1","1.21M","-0.67%"
"03/05/2019","23,407.7","23,459.8","23,564.1","23,355.6","1.44M","-0.22%"
"03/04/2019","23,459.8","23,251.3","23,564.1","23,251.3","1.41M","0.90%"
"03/01/2019","23,251.3","23,225.2","23,251.3","23,016.7","1.03M","0.90%"
"02/28/2019","23,042.8","23,512.0","23,512.0","23,042.8","2.40M","-2.00%"
"02/27/2019","23,512.0","23,564.1","23,694.4","23,407.7","847.80K","-0.22%"
"02/26/2019","23,564.1","23,772.6","23,772.6","23,459.8","1.16M","-0.66%"
"02/25/2019","23,720.5","23,746.6","24,085.4","23,694.4","1.79M","0.66%"
"02/22/2019","23,564.1","23,355.6","23,668.4","23,147.0","2.17M","0.89%"
"02/21/2019","23,355.6","23,303.4","23,407.7","23,094.9","1.31M","-0.11%"
"02/20/2019","23,381.6","23,094.9","23,485.9","23,094.9","871.86K","1.01%"
"02/19/2019","23,147.0","23,303.4","23,538.0","23,094.9","2.57M","0.00%"
"02/18/2019","23,147.0","23,199.2","23,251.3","22,990.6","534.73K","0.45%"
"02/15/2019","23,042.8","23,068.8","23,173.1","22,938.5","1.13M","-0.11%"
"02/14/2019","23,068.8","23,277.4","23,407.7","23,068.8","1.08M","-0.67%"
"02/13/2019","23,225.2","22,938.5","23,459.8","22,938.5","1.96M","1.48%"
"02/12/2019","22,886.4","22,938.5","23,251.3","22,886.4","1.22M","-0.57%"
"02/11/2019","23,016.7","22,417.2","23,094.9","22,260.8","1.75M","3.64%"
"02/01/2019","22,208.6","22,521.4","22,521.4","21,635.2","1.05M","-1.39%"
"01/31/2019","22,521.4","22,573.6","22,625.7","22,365.0","902.98K","0.00%"
"01/30/2019","22,521.4","22,156.5","22,625.7","22,104.4","1.20M","1.65%"
"01/29/2019","22,156.5","22,104.4","22,156.5","21,895.8","751.66K","0.95%"
"01/28/2019","21,948.0","22,156.5","22,156.5","21,948.0","377.65K","-0.71%"
"01/25/2019","22,104.4","22,104.4","22,208.6","22,052.2","372.65K","-0.12%"
"01/24/2019","22,130.4","22,104.4","22,208.6","22,078.3","409.31K","0.24%"
"01/23/2019","22,078.3","22,052.2","22,104.4","21,974.0","337.72K","0.00%"
"01/22/2019","22,078.3","22,156.5","22,286.8","22,078.3","246.98K","-0.35%"
"01/21/2019","22,156.5","22,000.1","22,312.9","22,000.1","432.58K","1.19%"
"01/18/2019","21,895.8","21,948.0","22,156.5","21,895.8","396.54K","0.00%"
"01/17/2019","21,895.8","22,156.5","22,286.8","21,895.8","662.97K","-1.29%"
"01/16/2019","22,182.6","22,417.2","22,417.2","22,182.6","325.73K","-0.58%"
"01/15/2019","22,312.9","22,052.2","22,312.9","22,052.2","592.63K","0.71%"
"01/14/2019","22,156.5","22,052.2","22,208.6","21,895.8","695.49K","0.71%"
"01/11/2019","22,000.1","22,104.4","22,182.6","21,921.9","1.04M","0.12%"
"01/10/2019","21,974.0","22,104.4","22,182.6","21,974.0","361.94K","-0.59%"
"01/09/2019","22,104.4","21,948.0","22,208.6","21,843.7","539.49K","0.95%"
"01/08/2019","21,895.8","21,791.6","21,895.8","21,739.4","516.13K","0.48%"
"01/07/2019","21,791.6","21,791.6","21,948.0","21,687.3","713.07K","1.70%"
"01/04/2019","21,426.7","21,166.0","21,609.1","21,113.9","556.13K","0.74%"
"01/03/2019","21,270.3","21,609.1","21,609.1","21,218.1","1.25M","-0.97%"
"01/02/2019","21,478.8","21,791.6","21,974.0","21,452.7","801.49K","-2.37%"